insert into SILAP_D_TIPO_MESSAGGIO values ('I', 'Informazione pagina');
insert into SILAP_D_TIPO_MESSAGGIO values ('E', 'Errore');
insert into SILAP_D_TIPO_MESSAGGIO values ('W', 'Warning');
insert into SILAP_D_TIPO_MESSAGGIO values ('S', 'Successo');
insert into SILAP_D_TIPO_MESSAGGIO values ('T', 'Tooltip campo');
insert into SILAP_D_TIPO_MESSAGGIO values ('V', 'Validator campo inline');

insert into silap_d_ccnl (id_silap_d_ccnl,ds_silap_d_ccnl,num_ore,cod_silap_d_ccnl,ds_settore,d_inizio,d_fine) 
values
  ('0010','ABBIGLIAMENTO - Artigianato',0.00,'0010','Abbigliamento',to_timestamp('05/10/2019 14:00:00', 'dd/mm/yyyy hh24:mi:ss'),NULL),
  ('0020','ABBIGLIAMENTO - Industria',0.00,'0020','Abbigliamento',to_timestamp('05/10/2019 14:00:00', 'dd/mm/yyyy hh24:mi:ss'),NULL),
  ('0030','ABBIGLIAMENTO - Piccola industria',0.00,'0030','Abbigliamento',to_timestamp('05/10/2019 14:00:00', 'dd/mm/yyyy hh24:mi:ss'),NULL),
  ('006','C.c.n.l. per i dipendenti dalle aziende del settore.',0.00,'006','Aerofotogrammetria',to_timestamp('10/08/2007 00:00:00', 'dd/mm/yyyy hh24:mi:ss'),to_timestamp('05/10/2019 13:59:59', 'dd/mm/yyyy hh24:mi:ss')),
  ('0060','AUTOSTRADE',0.00,'0060','Autostrade',to_timestamp('05/10/2019 14:00:00', 'dd/mm/yyyy hh24:mi:ss'),NULL),
  ('0070','PILOTI COLLAUDATORI',0.00,'0070','Piloti collaudatori Tecnici di volo Collaudatori',to_timestamp('05/10/2019 14:00:00', 'dd/mm/yyyy hh24:mi:ss'),NULL),
  ('008','C.c.n.l. per i dipendenti dalle agenzie di assicurazione in gestione libera.',0.00,'008','Agenzie Aeree, di Assicurazione, Ippiche e marittime',to_timestamp('10/08/2007 00:00:00', 'dd/mm/yyyy hh24:mi:ss'),to_timestamp('05/10/2019 13:59:59', 'dd/mm/yyyy hh24:mi:ss')),
  ('009','C.c.n.l. per i dipendenti dalle agenzie ippiche.',0.00,'009','Agenzie Aeree, di Assicurazione, Ippiche e marittime',to_timestamp('10/08/2007 00:00:00', 'dd/mm/yyyy hh24:mi:ss'),to_timestamp('05/10/2019 13:59:59', 'dd/mm/yyyy hh24:mi:ss')),
  ('0100','AEROPORTI - Servizi in Appalto',0.00,'0100','Trasporti',to_timestamp('05/10/2019 14:00:00', 'dd/mm/yyyy hh24:mi:ss'),NULL),
  ('0130','ACQUEDOTTI',0.00,'0130','Acquedotti',to_timestamp('05/10/2019 14:00:00', 'dd/mm/yyyy hh24:mi:ss'),NULL),
  ('0140','AGENZIE DI VIAGGIO - Confcommercio',0.00,'0140','Turismo',to_timestamp('05/10/2019 14:00:00', 'dd/mm/yyyy hh24:mi:ss'),NULL),
  ('016','C.c.n.l. per i dipendenti dalle aziende municipalizzate del latte.',0.00,'016','Alimentari',to_timestamp('10/08/2007 00:00:00', 'dd/mm/yyyy hh24:mi:ss'),to_timestamp('05/10/2019 13:59:59', 'dd/mm/yyyy hh24:mi:ss')),
  ('0160','AGENZIE MARITTIME ED AEREE',0.00,'0160','Agenzie Aeree, di Assicurazione, Ippiche e marittime',to_timestamp('05/10/2019 14:00:00', 'dd/mm/yyyy hh24:mi:ss'),NULL),
  ('0170','AGRICOLTURA - Impiegati',0.00,'0170','Agricoltura',to_timestamp('05/10/2019 14:00:00', 'dd/mm/yyyy hh24:mi:ss'),NULL),
  ('018','C.c.n.l. per i dipendenti amministrativi e per il personale addetto all''organizzazione produttiva ed alla produzione delle imprese di assicurazione.',0.00,'018','Assicurazioni',to_timestamp('10/08/2007 00:00:00', 'dd/mm/yyyy hh24:mi:ss'),to_timestamp('05/10/2019 13:59:59', 'dd/mm/yyyy hh24:mi:ss')),
  ('0190','AGRICOLTURA - Operai florovivaisti',0.00,'0190','Agricoltura',to_timestamp('05/10/2019 14:00:00', 'dd/mm/yyyy hh24:mi:ss'),NULL),
  ('022','C.c.n.l. per gli addetti alle industrie boschive e forestali.',0.00,'022','Boschi e Foreste',to_timestamp('10/08/2007 00:00:00', 'dd/mm/yyyy hh24:mi:ss'),to_timestamp('05/10/2019 13:59:59', 'dd/mm/yyyy hh24:mi:ss')),
  ('0220','ALIMENTARI - Artigianato',0.00,'0220','Alimentari',to_timestamp('05/10/2019 14:00:00', 'dd/mm/yyyy hh24:mi:ss'),NULL),
  ('023','C.c.n.l. per i dipendenti dalle piccole e medie industrie del settore.',0.00,'023','Boschi e Foreste',to_timestamp('10/08/2007 00:00:00', 'dd/mm/yyyy hh24:mi:ss'),to_timestamp('05/10/2019 13:59:59', 'dd/mm/yyyy hh24:mi:ss')),
  ('0230','ALIMENTARI - Cooperative',0.00,'0230','Alimentari',to_timestamp('05/10/2019 14:00:00', 'dd/mm/yyyy hh24:mi:ss'),NULL),
  ('0240','ALIMENTARI - Industria',0.00,'0240','Alimentari',to_timestamp('05/10/2019 14:00:00', 'dd/mm/yyyy hh24:mi:ss'),NULL),
  ('0250','ALIMENTARI - Piccola industria',0.00,'0250','Alimentari',to_timestamp('05/10/2019 14:00:00', 'dd/mm/yyyy hh24:mi:ss'),NULL),
  ('0270','AGENZIE DI SOMMINISTRAZIONE',0.00,'0270','Interinali',to_timestamp('05/10/2019 14:00:00', 'dd/mm/yyyy hh24:mi:ss'),NULL),
  ('0280','AGENTI DI CAMBIO',0.00,'0280','Credito',to_timestamp('05/10/2019 14:00:00', 'dd/mm/yyyy hh24:mi:ss'),NULL),
  ('0290','DIRIGENTI - Casse Rurali',0.00,'0290','Dirigenti',to_timestamp('05/10/2019 14:00:00', 'dd/mm/yyyy hh24:mi:ss'),NULL),
  ('0300','ASSICURAZIONI - Addetti alla produzione',0.00,'0300','Assicurazioni',to_timestamp('05/10/2019 14:00:00', 'dd/mm/yyyy hh24:mi:ss'),NULL),
  ('0310','ASSICURAZIONI - SNA',0.00,'0310','Agenzie Aeree, di Assicurazione, Ippiche e marittime',to_timestamp('05/10/2019 14:00:00', 'dd/mm/yyyy hh24:mi:ss'),NULL),
  ('0320','ASSICURAZIONI - UNAPASS',0.00,'0320','Agenzie Aeree, di Assicurazione, Ippiche e marittime',to_timestamp('05/10/2019 14:00:00', 'dd/mm/yyyy hh24:mi:ss'),NULL),
  ('033','CCNL per gli addetti all''industria delle piastrelle di ceramica, dei materiali refrattari, ceramica sanitaria, di porcellane e ceramiche per uso domestico e ornamentale, di ceramica tecnica, di tubi in gres - CONFINDUSTRIA CERAMICA',0.00,'033','Ceramica e abrasivi',to_timestamp('10/08/2007 00:00:00', 'dd/mm/yyyy hh24:mi:ss'),to_timestamp('05/10/2019 13:59:59', 'dd/mm/yyyy hh24:mi:ss')),
  ('0330','ASSICURAZIONI - Personale amministrativo',0.00,'0330','Assicurazioni',to_timestamp('05/10/2019 14:00:00', 'dd/mm/yyyy hh24:mi:ss'),NULL),
  ('0340','AUTORIMESSE',0.00,'0340','Autorimesse e Noleggio',to_timestamp('05/10/2019 14:00:00', 'dd/mm/yyyy hh24:mi:ss'),NULL),
  ('0350','AUTOSCUOLE',0.00,'0350','Scuole laiche Scuole materne Scuole religiose',to_timestamp('05/10/2019 14:00:00', 'dd/mm/yyyy hh24:mi:ss'),NULL),
  ('036','C.c.n.l. per i dipendenti dalle aziende a partecipazione statale esercenti l''industria chimica nei settori della chimica di base, fibre, ricerca, chimica fine e farmaceutica, coke.',0.00,'036','Chimica',to_timestamp('10/08/2007 00:00:00', 'dd/mm/yyyy hh24:mi:ss'),to_timestamp('05/10/2019 13:59:59', 'dd/mm/yyyy hh24:mi:ss')),
  ('0360','AUTOTRASPORTO MERCI - Artigianato',0.00,'0360','Trasporti',to_timestamp('05/10/2019 14:00:00', 'dd/mm/yyyy hh24:mi:ss'),NULL),
  ('0370','BARBIERI E PARRUCCHIERI',0.00,'0370','Barbieri e Parrucchieri',to_timestamp('05/10/2019 14:00:00', 'dd/mm/yyyy hh24:mi:ss'),NULL),
  ('0380','A.C.I. - SOCCORSO STRADALE',0.00,'0380','Soccorso stradale',to_timestamp('05/10/2019 14:00:00', 'dd/mm/yyyy hh24:mi:ss'),NULL),
  ('039','C.c.n.l. per i dipendenti dalle aziende esercenti distribuzione, importazione, esportazione films, doppiaggio, produzione cinematografica (assunti a tempo indeterminato), sviluppo e stampa, teatri di posa.',0.00,'039','Cinematografi e cinematografia',to_timestamp('10/08/2007 00:00:00', 'dd/mm/yyyy hh24:mi:ss'),to_timestamp('05/10/2019 13:59:59', 'dd/mm/yyyy hh24:mi:ss')),
  ('041','C.c.n.l. per gli attori doppiatori e del personale tecnico impegnato nell''attivita'' dei films e dei telefilms.',0.00,'041','Cinematografi e cinematografia',to_timestamp('10/08/2007 00:00:00', 'dd/mm/yyyy hh24:mi:ss'),to_timestamp('05/10/2019 13:59:59', 'dd/mm/yyyy hh24:mi:ss')),
  ('043','C.c.n.l. per i dipendenti dalle aziende del terziario: cooperative di consumo e dei loro consorzi.',0.00,'043','Commercio',to_timestamp('10/08/2007 00:00:00', 'dd/mm/yyyy hh24:mi:ss'),to_timestamp('05/10/2019 13:59:59', 'dd/mm/yyyy hh24:mi:ss')),
  ('0450','BOSCHI E FORESTE - Industria',0.00,'0450','Boschi e Foreste',to_timestamp('05/10/2019 14:00:00', 'dd/mm/yyyy hh24:mi:ss'),NULL),
  ('046','C.c.n.l. per i dipendenti della Compagnia vagoni letto e turismo.',0.00,'046','Commercio',to_timestamp('10/08/2007 00:00:00', 'dd/mm/yyyy hh24:mi:ss'),to_timestamp('05/10/2019 13:59:59', 'dd/mm/yyyy hh24:mi:ss')),
  ('0460','BOSCHI E FORESTE - Piccola industria',0.00,'0460','Boschi e Foreste',to_timestamp('05/10/2019 14:00:00', 'dd/mm/yyyy hh24:mi:ss'),NULL),
  ('048','C.c.n.l. per i dipendenti dai consorzi agrari.',0.00,'048','Consorzi Agrari e di Bonifica',to_timestamp('10/08/2007 00:00:00', 'dd/mm/yyyy hh24:mi:ss'),to_timestamp('05/10/2019 13:59:59', 'dd/mm/yyyy hh24:mi:ss')),
  ('049','C.c.n.l. per i dipendenti dai consorzi di bonifica e miglioramento fondiario.',0.00,'049','Consorzi Agrari e di Bonifica',to_timestamp('10/08/2007 00:00:00', 'dd/mm/yyyy hh24:mi:ss'),to_timestamp('05/10/2019 13:59:59', 'dd/mm/yyyy hh24:mi:ss')),
  ('050','C.c.n.l. per gli operai addetti ai lavori di sistemazione idraulico-forestale e idraulico-agraria eseguiti in amministrazione diretta dai consorzi di bonifica.',0.00,'050','Consorzi Agrari e di Bonifica',to_timestamp('10/08/2007 00:00:00', 'dd/mm/yyyy hh24:mi:ss'),to_timestamp('05/10/2019 13:59:59', 'dd/mm/yyyy hh24:mi:ss')),
  ('051','C.c.n.l. per i quadri, gli impiegati, i commessi e gli ausiliari delle aziende di credito e finanziarie.',0.00,'051','Credito',to_timestamp('10/08/2007 00:00:00', 'dd/mm/yyyy hh24:mi:ss'),to_timestamp('05/10/2019 13:59:59', 'dd/mm/yyyy hh24:mi:ss')),
  ('052','C.c.n.l. per i quadri, gli impiegati, i commessi e gli ausiliari delle Casse di risparmio.',0.00,'052','Credito',to_timestamp('10/08/2007 00:00:00', 'dd/mm/yyyy hh24:mi:ss'),to_timestamp('05/10/2019 13:59:59', 'dd/mm/yyyy hh24:mi:ss')),
  ('0520','CALZATURE - Artigianato',0.00,'0520','Abbigliamento',to_timestamp('05/10/2019 14:00:00', 'dd/mm/yyyy hh24:mi:ss'),NULL),
  ('053','C.c.n.l. per i quadri, gli impiegati, i commessi e gli ausiliari delle Casse rurali ed artigiane.',0.00,'053','Credito',to_timestamp('10/08/2007 00:00:00', 'dd/mm/yyyy hh24:mi:ss'),to_timestamp('05/10/2019 13:59:59', 'dd/mm/yyyy hh24:mi:ss')),
  ('0530','CALZATURE - Industria',0.00,'0530','Calzature',to_timestamp('05/10/2019 14:00:00', 'dd/mm/yyyy hh24:mi:ss'),NULL),
  ('0540','CALZATURE - Piccola industria',0.00,'0540','Carta',to_timestamp('05/10/2019 14:00:00', 'dd/mm/yyyy hh24:mi:ss'),NULL),
  ('0590','CARTA - Industria',0.00,'0590','Carta',to_timestamp('05/10/2019 14:00:00', 'dd/mm/yyyy hh24:mi:ss'),NULL),
  ('0600','CARTA - Piccola industria',0.00,'0600','Carta',to_timestamp('05/10/2019 14:00:00', 'dd/mm/yyyy hh24:mi:ss'),NULL),
  ('0610','CASE DI CURA - Personale medico',0.00,'0610','Case di Cura',to_timestamp('05/10/2019 14:00:00', 'dd/mm/yyyy hh24:mi:ss'),NULL),
  ('0620','CASE DI CURA - Pers. non medico (ARIS)',0.00,'0620','Case di Cura',to_timestamp('05/10/2019 14:00:00', 'dd/mm/yyyy hh24:mi:ss'),NULL),
  ('0630','CEMENTO - Industria',0.00,'0630','Cemento',to_timestamp('05/10/2019 14:00:00', 'dd/mm/yyyy hh24:mi:ss'),NULL),
  ('0660','CEMENTO - Piccola industria',0.00,'0660','Cemento',to_timestamp('05/10/2019 14:00:00', 'dd/mm/yyyy hh24:mi:ss'),NULL),
  ('0670','ABRASIVI - Artigianato',0.00,'0670','Ceramica e abrasivi',to_timestamp('05/10/2019 14:00:00', 'dd/mm/yyyy hh24:mi:ss'),NULL),
  ('0690','GUARDIE AI FUOCHI',0.00,'0690','Istituti - Consorzi vigilanza privata',to_timestamp('05/10/2019 14:00:00', 'dd/mm/yyyy hh24:mi:ss'),NULL),
  ('0700','CHIMICA - Artigianato',0.00,'0700','Gomma e Materie plastiche',to_timestamp('05/10/2019 14:00:00', 'dd/mm/yyyy hh24:mi:ss'),NULL),
  ('0710','CHIMICA - Industria',0.00,'0710','Chimica',to_timestamp('05/10/2019 14:00:00', 'dd/mm/yyyy hh24:mi:ss'),NULL),
  ('0720','CHIMICA - Piccola industria',0.00,'0720','Chimica',to_timestamp('05/10/2019 14:00:00', 'dd/mm/yyyy hh24:mi:ss'),NULL),
  ('073','C.c.n.l. per gli impiegati ed operai della RAI.',0.00,'073','Emittenti Radio - Televisive',to_timestamp('10/08/2007 00:00:00', 'dd/mm/yyyy hh24:mi:ss'),to_timestamp('05/10/2019 13:59:59', 'dd/mm/yyyy hh24:mi:ss')),
  ('0730','CINEMATOGRAFIA - Esercizi',0.00,'0730','Cinematografi e cinematografia',to_timestamp('05/10/2019 14:00:00', 'dd/mm/yyyy hh24:mi:ss'),NULL),
  ('0740','CINEMATOGRAFIA',0.00,'0740','Cinematografi e cinematografia',to_timestamp('05/10/2019 14:00:00', 'dd/mm/yyyy hh24:mi:ss'),NULL),
  ('076','C.c.n.l. per i dipendenti dalle aziende elettriche municipalizzate.',0.00,'076','Energia Energia - Elettrica',to_timestamp('10/08/2007 00:00:00', 'dd/mm/yyyy hh24:mi:ss'),to_timestamp('05/10/2019 13:59:59', 'dd/mm/yyyy hh24:mi:ss')),
  ('0760','COIBENTI - Industria',0.00,'0760','Chimica',to_timestamp('05/10/2019 14:00:00', 'dd/mm/yyyy hh24:mi:ss'),NULL),
  ('077','C.c.n.l. per gli addetti al settore energia delle aziende a partecipazione statale.',0.00,'077','Energia Energia - Elettrica',to_timestamp('10/08/2007 00:00:00', 'dd/mm/yyyy hh24:mi:ss'),to_timestamp('05/10/2019 13:59:59', 'dd/mm/yyyy hh24:mi:ss')),
  ('078','C.c.n.l. per i dipendenti dai centri di formazione professionale.',0.00,'078','Formazione Professionale',to_timestamp('10/08/2007 00:00:00', 'dd/mm/yyyy hh24:mi:ss'),to_timestamp('05/10/2019 13:59:59', 'dd/mm/yyyy hh24:mi:ss')),
  ('0780','COMMERCIO - Confcommercio',0.00,'0780','Commercio',to_timestamp('05/10/2019 14:00:00', 'dd/mm/yyyy hh24:mi:ss'),NULL),
  ('0790','COMMERCIO - Cooperative',0.00,'0790','Commercio',to_timestamp('05/10/2019 14:00:00', 'dd/mm/yyyy hh24:mi:ss'),NULL),
  ('0800','CONCERIE - Industria',0.00,'0800','Concerie',to_timestamp('05/10/2019 14:00:00', 'dd/mm/yyyy hh24:mi:ss'),NULL),
  ('081','C.c.n.l. per gli addetti alle imprese industriali esercenti produzione di olii lubrificanti, imbottigliamento e distribuzione di gas e petrolio liquefatti.',0.00,'081','Gas e gas liquefatto',to_timestamp('10/08/2007 00:00:00', 'dd/mm/yyyy hh24:mi:ss'),to_timestamp('05/10/2019 13:59:59', 'dd/mm/yyyy hh24:mi:ss')),
  ('082','C.c.n.l. per gli addetti alle industrie del metano.',0.00,'082','Gas e gas liquefatto',to_timestamp('10/08/2007 00:00:00', 'dd/mm/yyyy hh24:mi:ss'),to_timestamp('05/10/2019 13:59:59', 'dd/mm/yyyy hh24:mi:ss')),
  ('083','C.c.n.l. per i dipendenti dall''AGIP.',0.00,'083','Gas e gas liquefatto',to_timestamp('10/08/2007 00:00:00', 'dd/mm/yyyy hh24:mi:ss'),to_timestamp('05/10/2019 13:59:59', 'dd/mm/yyyy hh24:mi:ss')),
  ('087','C.c.n.l. per i giornalisti professionisti dipendenti dalla RAI.',0.00,'087','Giornalisti',to_timestamp('10/08/2007 00:00:00', 'dd/mm/yyyy hh24:mi:ss'),to_timestamp('05/10/2019 13:59:59', 'dd/mm/yyyy hh24:mi:ss')),
  ('0890','EMITTENTI RADIOFONICHE LOCALI',0.00,'0890','Emittenti Radio - Televisive',to_timestamp('05/10/2019 14:00:00', 'dd/mm/yyyy hh24:mi:ss'),NULL),
  ('0900','EMITTENTI TELEVISIVE LOCALI',0.00,'0900','Emittenti Radio - Televisive',to_timestamp('05/10/2019 14:00:00', 'dd/mm/yyyy hh24:mi:ss'),NULL),
  ('0910','RACCORDI FERROVIARI',0.00,'0910','Trasporti',to_timestamp('05/10/2019 14:00:00', 'dd/mm/yyyy hh24:mi:ss'),NULL),
  ('0920','GIOCATTOLI - Piccola Industria',0.00,'0920','Giocattoli',to_timestamp('05/10/2019 14:00:00', 'dd/mm/yyyy hh24:mi:ss'),NULL),
  ('0930','DIRIGENTI - Agenzie Marittime',0.00,'0930','Dirigenti',to_timestamp('05/10/2019 14:00:00', 'dd/mm/yyyy hh24:mi:ss'),NULL),
  ('0950','DIRIGENTI - Imprese Assicuratrici',0.00,'0950','Dirigenti',to_timestamp('05/10/2019 14:00:00', 'dd/mm/yyyy hh24:mi:ss'),NULL),
  ('0960','DIRIGENTI - Piccola Industria',0.00,'0960','Dirigenti',to_timestamp('05/10/2019 14:00:00', 'dd/mm/yyyy hh24:mi:ss'),NULL),
  ('1030','CUOIO E PELLI - Piccola industria',0.00,'1030','Pelli e cuoio',to_timestamp('05/10/2019 14:00:00', 'dd/mm/yyyy hh24:mi:ss'),NULL),
  ('104','C.c.n.l. per l''imbarco degli equipaggi delle navi passeggeri e da carico sino ed oltre i 3.000 TON. delle societa'' di navigazione del gruppo FINMARE.',0.00,'104','Marittimi',to_timestamp('10/08/2007 00:00:00', 'dd/mm/yyyy hh24:mi:ss'),to_timestamp('05/10/2019 13:59:59', 'dd/mm/yyyy hh24:mi:ss')),
  ('1040','DIRIGENTI - Aziende Agricole',0.00,'1040','Dirigenti',to_timestamp('05/10/2019 14:00:00', 'dd/mm/yyyy hh24:mi:ss'),NULL),
  ('105','C.c.n.l. per l''imbarco del personale delle navi delle societa'' di navigazione del gruppo FINMARE: personale di macchina; camera e cucina; servizi aliscafi; personale operaio ed addetto agli uffici; ',0.00,'105','Marittimi',to_timestamp('10/08/2007 00:00:00', 'dd/mm/yyyy hh24:mi:ss'),to_timestamp('05/10/2019 13:59:59', 'dd/mm/yyyy hh24:mi:ss')),
  ('1050','DIRIGENTI - Aziende Alberghiere',0.00,'1050','Dirigenti',to_timestamp('05/10/2019 14:00:00', 'dd/mm/yyyy hh24:mi:ss'),NULL),
  ('106','C.c.n.l. per i marittimi delle societa'' di navigazione del gruppo FINMARE: ufficiali R.O.; delle societa'' regionali; personale di stato maggiore, lungo corso, gran cabotaggio; mediterraneo; allievi ufficiali; regolamento organico societa'' regionali 1 e 2.',0.00,'106','Marittimi',to_timestamp('10/08/2007 00:00:00', 'dd/mm/yyyy hh24:mi:ss'),to_timestamp('05/10/2019 13:59:59', 'dd/mm/yyyy hh24:mi:ss')),
  ('1060','DIRIGENTI - Aziende Autotrasporto',0.00,'1060','Dirigenti',to_timestamp('05/10/2019 14:00:00', 'dd/mm/yyyy hh24:mi:ss'),NULL),
  ('107','C.c.n.l. per i capitani di lungo corso, equipaggio di coperta, di camera e di cucina, di macchina delle navi passeggeri e da crociera dell''armamento privato.',0.00,'107','Marittimi',to_timestamp('10/08/2007 00:00:00', 'dd/mm/yyyy hh24:mi:ss'),to_timestamp('05/10/2019 13:59:59', 'dd/mm/yyyy hh24:mi:ss')),
  ('1070','DIRIGENTI - Aziende Commerciali',0.00,'1070','Dirigenti',to_timestamp('05/10/2019 14:00:00', 'dd/mm/yyyy hh24:mi:ss'),NULL),
  ('108','C.c.n.l. per i capitani di lungo corso e gran cabotaggio, allievi ufficiali, equipaggio di coperta, di macchina, camera e cucina delle navi da carico dell''armamento privato.',0.00,'108','Marittimi',to_timestamp('10/08/2007 00:00:00', 'dd/mm/yyyy hh24:mi:ss'),to_timestamp('05/10/2019 13:59:59', 'dd/mm/yyyy hh24:mi:ss')),
  ('1080','DIRIGENTI - Aziende Industriali',0.00,'1080','Dirigenti',to_timestamp('05/10/2019 14:00:00', 'dd/mm/yyyy hh24:mi:ss'),NULL),
  ('109','C.c.n.l. per i capitani di macchina e gli equipaggi imbarcati sulle navi da 151 a 3.000 STL dell''armamento privato.',0.00,'109','Marittimi',to_timestamp('10/08/2007 00:00:00', 'dd/mm/yyyy hh24:mi:ss'),to_timestamp('05/10/2019 13:59:59', 'dd/mm/yyyy hh24:mi:ss')),
  ('1090','DIRIGENTI - Magazzini Generali',0.00,'1090','Dirigenti',to_timestamp('05/10/2019 14:00:00', 'dd/mm/yyyy hh24:mi:ss'),NULL),
  ('110','C.c.n.l. per il comandante e gli equipaggi imbarcati sulle unita'' adibite al servizio di rimorchio e di soccorso alle navi.',0.00,'110','Marittimi',to_timestamp('10/08/2007 00:00:00', 'dd/mm/yyyy hh24:mi:ss'),to_timestamp('05/10/2019 13:59:59', 'dd/mm/yyyy hh24:mi:ss')),
  ('111','C.c.n.l. per gli impiegati amministrativi delle societa'' di navigazione private.',0.00,'111','Marittimi',to_timestamp('10/08/2007 00:00:00', 'dd/mm/yyyy hh24:mi:ss'),to_timestamp('05/10/2019 13:59:59', 'dd/mm/yyyy hh24:mi:ss')),
  ('112','C.c.n.l. per il personale addetto agli uffici delle societa'' di navigazione private.',0.00,'112','Marittimi',to_timestamp('10/08/2007 00:00:00', 'dd/mm/yyyy hh24:mi:ss'),to_timestamp('05/10/2019 13:59:59', 'dd/mm/yyyy hh24:mi:ss')),
  ('1180','EDILIZIA - Artigianato',0.00,'1180','Edilizia',to_timestamp('05/10/2019 14:00:00', 'dd/mm/yyyy hh24:mi:ss'),NULL),
  ('1190','EDILIZIA - Cooperative',0.00,'1190','Edilizia',to_timestamp('05/10/2019 14:00:00', 'dd/mm/yyyy hh24:mi:ss'),NULL),
  ('120','C.c.n.l. per i dipendenti dalle piccole e medie imprese esercenti i servizi di pulizia, disinfezione, disinfestazione e derattizzazione.',0.00,'120','Nettezza urbana Igiene ambientale',to_timestamp('10/08/2007 00:00:00', 'dd/mm/yyyy hh24:mi:ss'),to_timestamp('05/10/2019 13:59:59', 'dd/mm/yyyy hh24:mi:ss')),
  ('1200','EDILIZIA - Industria',0.00,'1200','Edilizia',to_timestamp('05/10/2019 14:00:00', 'dd/mm/yyyy hh24:mi:ss'),NULL),
  ('1210','EDILIZIA - Piccola industria (CONFIMI)',0.00,'1210','Edilizia',to_timestamp('05/10/2019 14:00:00', 'dd/mm/yyyy hh24:mi:ss'),NULL),
  ('1220','EDITORIA - Industria',0.00,'1220','Grafica - Grafica editoriale',to_timestamp('05/10/2019 14:00:00', 'dd/mm/yyyy hh24:mi:ss'),NULL),
  ('1230','EDITORIA E GRAFICA - Piccola industria',0.00,'1230','Grafica - Grafica editoriale',to_timestamp('05/10/2019 14:00:00', 'dd/mm/yyyy hh24:mi:ss'),NULL),
  ('1240','EMITTENTI RADIOFONICHE',0.00,'1240','Energia Energia - Elettrica',to_timestamp('05/10/2019 14:00:00', 'dd/mm/yyyy hh24:mi:ss'),NULL),
  ('1250','EMITTENTI TELEVISIVE',0.00,'1250','Emittenti Radio - Televisive',to_timestamp('05/10/2019 14:00:00', 'dd/mm/yyyy hh24:mi:ss'),NULL),
  ('1260','FARMACIE',0.00,'1260','Commercio',to_timestamp('05/10/2019 14:00:00', 'dd/mm/yyyy hh24:mi:ss'),NULL),
  ('1300','CERAMICA - Industria (Ex AssoPiastrelle)',0.00,'1300','Ceramica e abrasivi',to_timestamp('05/10/2019 14:00:00', 'dd/mm/yyyy hh24:mi:ss'),NULL),
  ('131','C.c.n.l. per gli addetti alle industrie di ricerca, di estrazione, di raffinazione, di lavorazione od alla distribuzione di prodotti petroliferi (escluse la ricerca, l''estrazione, ecc. delle rocce asfaltiche e bituminose).',0.00,'131','Petrolio',to_timestamp('10/08/2007 00:00:00', 'dd/mm/yyyy hh24:mi:ss'),to_timestamp('05/10/2019 13:59:59', 'dd/mm/yyyy hh24:mi:ss')),
  ('1310','ENERGIA - Ingegneria e Servizi',0.00,'1310','Energia Energia - Elettrica',to_timestamp('05/10/2019 14:00:00', 'dd/mm/yyyy hh24:mi:ss'),NULL),
  ('132','C.c.n.l. per i piloti collaudatori dipendenti da aziende di costruzioni aerospaziali.',0.00,'132','Piloti collaudatori Tecnici di volo Collaudatori',to_timestamp('10/08/2007 00:00:00', 'dd/mm/yyyy hh24:mi:ss'),to_timestamp('05/10/2019 13:59:59', 'dd/mm/yyyy hh24:mi:ss')),
  ('1320','FOTOLABORATORI',0.00,'1320','Fotolaboratori',to_timestamp('05/10/2019 14:00:00', 'dd/mm/yyyy hh24:mi:ss'),NULL),
  ('133','C.c.n.l. per i marconisti elettromeccanici di volo collaudatori dipendenti da aziende di costruzioni aerospaziali.',0.00,'133','Piloti collaudatori Tecnici di volo Collaudatori',to_timestamp('10/08/2007 00:00:00', 'dd/mm/yyyy hh24:mi:ss'),to_timestamp('05/10/2019 13:59:59', 'dd/mm/yyyy hh24:mi:ss')),
  ('1330','GAS',0.00,'1330','Gas e gas liquefatto',to_timestamp('05/10/2019 14:00:00', 'dd/mm/yyyy hh24:mi:ss'),NULL),
  ('1340','CHIMICA - Industria Pubblica',0.00,'1340','Chimica',to_timestamp('05/10/2019 14:00:00', 'dd/mm/yyyy hh24:mi:ss'),NULL),
  ('135','C.c.n.l. per i dipendenti dalle aziende che attendono ai mezzi meccanici, per i dipendenti dalle imprese che attendono alle operazioni portuali, ai magazzini generali e silos; per gli addetti alle compagnie portuali.',0.00,'135','Porti',to_timestamp('10/08/2007 00:00:00', 'dd/mm/yyyy hh24:mi:ss'),to_timestamp('05/10/2019 13:59:59', 'dd/mm/yyyy hh24:mi:ss')),
  ('1350','ACQUEDOTTI - Aziende Municipalizzate',0.00,'1350','Acquedotti',to_timestamp('05/10/2019 14:00:00', 'dd/mm/yyyy hh24:mi:ss'),NULL),
  ('1360','GIOCATTOLI - Industria',0.00,'1360','Lavanderie',to_timestamp('05/10/2019 14:00:00', 'dd/mm/yyyy hh24:mi:ss'),NULL),
  ('1370','GIORNALISTI',0.00,'1370','Giornalisti',to_timestamp('05/10/2019 14:00:00', 'dd/mm/yyyy hh24:mi:ss'),NULL),
  ('1380','GOMMA - Industria',0.00,'1380','Gomma e Materie plastiche',to_timestamp('05/10/2019 14:00:00', 'dd/mm/yyyy hh24:mi:ss'),NULL),
  ('139','C.c.n.l. per i sacristi e gli addetti al culto dipendenti da Chiese.',0.00,'139','Sacristi',to_timestamp('10/08/2007 00:00:00', 'dd/mm/yyyy hh24:mi:ss'),to_timestamp('05/10/2019 13:59:59', 'dd/mm/yyyy hh24:mi:ss')),
  ('1390','GOMMA - Piccola Industria',0.00,'1390','Gomma e Materie plastiche',to_timestamp('05/10/2019 14:00:00', 'dd/mm/yyyy hh24:mi:ss'),NULL),
  ('140','C.c.n.l. per i dipendenti dalle societa'' di corse e addetti al totalizzatore ed agli ingressi degli ippodromi.',0.00,'140','Scuderie - Ippodromi',to_timestamp('10/08/2007 00:00:00', 'dd/mm/yyyy hh24:mi:ss'),to_timestamp('05/10/2019 13:59:59', 'dd/mm/yyyy hh24:mi:ss')),
  ('1400','EDITORIA E GRAFICA - Artigianato',0.00,'1400','Grafica - Grafica editoriale',to_timestamp('05/10/2019 14:00:00', 'dd/mm/yyyy hh24:mi:ss'),NULL),
  ('1430','ISTITUZIONI SOCIO ASSISTENZIALI - Uneba',0.00,'1430','Istituti Socio - assistenziali',to_timestamp('05/10/2019 14:00:00', 'dd/mm/yyyy hh24:mi:ss'),NULL),
  ('1460','LAPIDEI - Industria',0.00,'1460','Lapidei',to_timestamp('05/10/2019 14:00:00', 'dd/mm/yyyy hh24:mi:ss'),NULL),
  ('147','C.c.n.l. per i dipendenti dalle imprese esercenti servizi in appalto dalle amministrazioni di ferrovie secondarie e in concessione, di autolinee, di aziende autofilo-tranviarie e di metropolitane.',0.00,'147','Servizi in appalto Ferrovie secondarie',to_timestamp('10/08/2007 00:00:00', 'dd/mm/yyyy hh24:mi:ss'),to_timestamp('05/10/2019 13:59:59', 'dd/mm/yyyy hh24:mi:ss')),
  ('1470','LAPIDEI - Piccola industria',0.00,'1470','Lapidei',to_timestamp('05/10/2019 14:00:00', 'dd/mm/yyyy hh24:mi:ss'),NULL),
  ('1480','LATERIZI - Industria',0.00,'1480','Laterizi',to_timestamp('05/10/2019 14:00:00', 'dd/mm/yyyy hh24:mi:ss'),NULL),
  ('149','C.c.n.l. per il personale dipendente da imprese esercenti in appalto dall''Amministrazione autonoma dei monopoli di Stato il servizio di facchinaggio e trasporto nell''interno delle manifatture tabacchi e deposito di generi di monopolio',0.00,'149','Servizi in appalto della amministrazione Monopoli',to_timestamp('10/08/2007 00:00:00', 'dd/mm/yyyy hh24:mi:ss'),to_timestamp('05/10/2019 13:59:59', 'dd/mm/yyyy hh24:mi:ss')),
  ('1490','LATERIZI - Piccola industria',0.00,'1490','Laterizi',to_timestamp('05/10/2019 14:00:00', 'dd/mm/yyyy hh24:mi:ss'),NULL),
  ('150','C.c.n.l. per il personale dipendente da imprese esercenti in appalto per conto dell''Amministrazione della Difesa prestazioni per operazioni di carico e scarico.',0.00,'150','Servizi in appalto per conto della Amministrazione della Difesa',to_timestamp('10/08/2007 00:00:00', 'dd/mm/yyyy hh24:mi:ss'),to_timestamp('05/10/2019 13:59:59', 'dd/mm/yyyy hh24:mi:ss')),
  ('151','C.c.n.l. per i dipendenti dalle imprese di spedizione, anche se denominate transitarie e doganali, dalle aziende esercenti l''autotrasporto di merce su strada per conto terzi, dalle imprese di servizi ausiliari del trasporto nonche'' dalle agenzie marittime e raccomandatarie, agenzie aeree e pubblici mediatori marittimi che esercitano tali attivita'' promiscuamente a quella di spedizione.',0.00,'151','Spedizione e Trasporto merci',to_timestamp('10/08/2007 00:00:00', 'dd/mm/yyyy hh24:mi:ss'),to_timestamp('05/10/2019 13:59:59', 'dd/mm/yyyy hh24:mi:ss')),
  ('1520','LATTIERO-CASEARIA - Industria',0.00,'1520','Alimentari',to_timestamp('05/10/2019 14:00:00', 'dd/mm/yyyy hh24:mi:ss'),NULL),
  ('1540','LAVANDERIE - Artigianato',0.00,'1540','Lavanderie',to_timestamp('05/10/2019 14:00:00', 'dd/mm/yyyy hh24:mi:ss'),NULL),
  ('1550','LAVANDERIE - Industria',0.00,'1550','Lavanderie',to_timestamp('05/10/2019 14:00:00', 'dd/mm/yyyy hh24:mi:ss'),NULL),
  ('1570','COLF CONFEDILIZIA - conviventi',0.00,'1570','Nettezza urbana Igiene ambientale',to_timestamp('05/10/2019 14:00:00', 'dd/mm/yyyy hh24:mi:ss'),NULL),
  ('1580','COLF CONFEDILIZIA - non conviventi',0.00,'1580','Nettezza urbana Igiene ambientale',to_timestamp('05/10/2019 14:00:00', 'dd/mm/yyyy hh24:mi:ss'),NULL),
  ('1610','LAVORAZIONI A MANO/TESSILI - Artigianato',0.00,'1610','Abbigliamento',to_timestamp('05/10/2019 14:00:00', 'dd/mm/yyyy hh24:mi:ss'),NULL),
  ('1620','LEGNO E ARREDAMENTO - Artigianato',0.00,'1620','Legno e Arredamento',to_timestamp('05/10/2019 14:00:00', 'dd/mm/yyyy hh24:mi:ss'),NULL),
  ('163','C.c.n.l. degli assistenti di volo dell''ALITALIA e dell''ATI.',0.00,'163','Trasporti',to_timestamp('10/08/2007 00:00:00', 'dd/mm/yyyy hh24:mi:ss'),to_timestamp('05/10/2019 13:59:59', 'dd/mm/yyyy hh24:mi:ss')),
  ('1630','LEGNO E ARREDAMENTO - Industria',0.00,'1630','Legno e Arredamento',to_timestamp('05/10/2019 14:00:00', 'dd/mm/yyyy hh24:mi:ss'),NULL),
  ('164','C.c.n.l. per i tecnici di volo',0.00,'164','Trasporti',to_timestamp('10/08/2007 00:00:00', 'dd/mm/yyyy hh24:mi:ss'),to_timestamp('05/10/2019 13:59:59', 'dd/mm/yyyy hh24:mi:ss')),
  ('169','C.c.n.l. per i dipendenti del settore del vetro delle aziende del gruppo EFIM.',0.00,'169','Vetro',to_timestamp('10/08/2007 00:00:00', 'dd/mm/yyyy hh24:mi:ss'),to_timestamp('05/10/2019 13:59:59', 'dd/mm/yyyy hh24:mi:ss')),
  ('171','C.c.n.l. per i viaggiatori e piazzisti dipendenti da aziende dell''industria tessile.',0.00,'171','Viaggiatori e Piazzisti',to_timestamp('10/08/2007 00:00:00', 'dd/mm/yyyy hh24:mi:ss'),to_timestamp('05/10/2019 13:59:59', 'dd/mm/yyyy hh24:mi:ss')),
  ('172','C.c.n.l. per i dipendenti dalle aziende videofonografiche.',0.00,'172','Videofonografia',to_timestamp('10/08/2007 00:00:00', 'dd/mm/yyyy hh24:mi:ss'),to_timestamp('05/10/2019 13:59:59', 'dd/mm/yyyy hh24:mi:ss')),
  ('1720','GIORNALISTI (Assunti 12/95)',0.00,'1720','Giornalisti',to_timestamp('05/10/2019 14:00:00', 'dd/mm/yyyy hh24:mi:ss'),NULL),
  ('173','C.c.n.l. per i dirigenti di consorzi di allevatori, enti zootecnici.',0.00,'173','Dirigenti',to_timestamp('10/08/2007 00:00:00', 'dd/mm/yyyy hh24:mi:ss'),to_timestamp('05/10/2019 13:59:59', 'dd/mm/yyyy hh24:mi:ss')),
  ('1730','MAGAZZINI GENERALI',0.00,'1730','Magazzini generali',to_timestamp('05/10/2019 14:00:00', 'dd/mm/yyyy hh24:mi:ss'),NULL),
  ('174','C.c.n.l. per dirigenti dei consorzi di bonifica.',0.00,'174','Dirigenti',to_timestamp('10/08/2007 00:00:00', 'dd/mm/yyyy hh24:mi:ss'),to_timestamp('05/10/2019 13:59:59', 'dd/mm/yyyy hh24:mi:ss')),
  ('177','C.c.n.l. per le cooperative di assicurazione fondi pensione.',0.00,'177','Assicurazioni',to_timestamp('10/08/2007 00:00:00', 'dd/mm/yyyy hh24:mi:ss'),to_timestamp('05/10/2019 13:59:59', 'dd/mm/yyyy hh24:mi:ss')),
  ('179','C.c.n.l. per i discografici artisti.',0.00,'179','Discografici',to_timestamp('10/08/2007 00:00:00', 'dd/mm/yyyy hh24:mi:ss'),to_timestamp('05/10/2019 13:59:59', 'dd/mm/yyyy hh24:mi:ss')),
  ('1800','METALMECCANICA - Industria Pubblica',0.00,'1800','Metalmeccanica',to_timestamp('05/10/2019 14:00:00', 'dd/mm/yyyy hh24:mi:ss'),NULL),
  ('1810','METALMECCANICA - Industria',0.00,'1810','Metalmeccanica',to_timestamp('05/10/2019 14:00:00', 'dd/mm/yyyy hh24:mi:ss'),NULL),
  ('1820','METALMECCANICA - Piccola industria',0.00,'1820','Metalmeccanica',to_timestamp('05/10/2019 14:00:00', 'dd/mm/yyyy hh24:mi:ss'),NULL),
  ('183','Cooperative vigilanza anti incendio.',0.00,'183','Istituti - Consorzi vigilanza privata',to_timestamp('10/08/2007 00:00:00', 'dd/mm/yyyy hh24:mi:ss'),to_timestamp('05/10/2019 13:59:59', 'dd/mm/yyyy hh24:mi:ss')),
  ('1830','METANO',0.00,'1830','Gas e gas liquefatto',to_timestamp('05/10/2019 14:00:00', 'dd/mm/yyyy hh24:mi:ss'),NULL),
  ('1840','MINIERE',0.00,'1840','Miniere',to_timestamp('05/10/2019 14:00:00', 'dd/mm/yyyy hh24:mi:ss'),NULL),
  ('185','Piccole aziende commerciali.',0.00,'185','Commercio',to_timestamp('10/08/2007 00:00:00', 'dd/mm/yyyy hh24:mi:ss'),to_timestamp('05/10/2019 13:59:59', 'dd/mm/yyyy hh24:mi:ss')),
  ('1850','NETTEZZA URBANA',0.00,'1850','Nettezza urbana Igiene ambientale',to_timestamp('05/10/2019 14:00:00', 'dd/mm/yyyy hh24:mi:ss'),NULL),
  ('186','C.c.n.l. per i dirigenti dei consorzi agrari.',0.00,'186','Dirigenti',to_timestamp('10/08/2007 00:00:00', 'dd/mm/yyyy hh24:mi:ss'),to_timestamp('05/10/2019 13:59:59', 'dd/mm/yyyy hh24:mi:ss')),
  ('1870','OCCHIALI - Industria',0.00,'1870','Lavanderie',to_timestamp('05/10/2019 14:00:00', 'dd/mm/yyyy hh24:mi:ss'),NULL),
  ('188','Edili UNAPI',0.00,'188','Edilizia',to_timestamp('10/08/2007 00:00:00', 'dd/mm/yyyy hh24:mi:ss'),to_timestamp('05/10/2019 13:59:59', 'dd/mm/yyyy hh24:mi:ss')),
  ('190','Intermediazione mobiliare.',0.00,'190','Credito',to_timestamp('10/08/2007 00:00:00', 'dd/mm/yyyy hh24:mi:ss'),to_timestamp('05/10/2019 13:59:59', 'dd/mm/yyyy hh24:mi:ss')),
  ('1900','OMBRELLI - Industria',0.00,'1900','Ombrelli',to_timestamp('05/10/2019 14:00:00', 'dd/mm/yyyy hh24:mi:ss'),NULL),
  ('1930','ORTOFRUTTICOLI ED AGRUMARI',0.00,'1930','Ortofrutticoli ed agrumari',to_timestamp('05/10/2019 14:00:00', 'dd/mm/yyyy hh24:mi:ss'),NULL),
  ('1940','PALESTRE',0.00,'1940','Palestre ed Impianti sportivi',to_timestamp('05/10/2019 14:00:00', 'dd/mm/yyyy hh24:mi:ss'),NULL),
  ('195','Dipendenti da ambasciate ed organismi internazionali.',0.00,'195','Organismi esteri',to_timestamp('10/08/2007 00:00:00', 'dd/mm/yyyy hh24:mi:ss'),to_timestamp('05/10/2019 13:59:59', 'dd/mm/yyyy hh24:mi:ss')),
  ('1950','PANIFICI - Confart. (Produzione)',0.00,'1950','Panificazione',to_timestamp('05/10/2019 14:00:00', 'dd/mm/yyyy hh24:mi:ss'),NULL),
  ('1960','PANIFICI - Confart. (Distribuzione)',0.00,'1960','Panificazione',to_timestamp('05/10/2019 14:00:00', 'dd/mm/yyyy hh24:mi:ss'),NULL),
  ('198','Agenti e rappresentanti (CONFESERCENTI).',0.00,'198','Commercio',to_timestamp('10/08/2007 00:00:00', 'dd/mm/yyyy hh24:mi:ss'),to_timestamp('05/10/2019 13:59:59', 'dd/mm/yyyy hh24:mi:ss')),
  ('1980','PANIFICI - Federpan.',0.00,'1980','Panificazione',to_timestamp('05/10/2019 14:00:00', 'dd/mm/yyyy hh24:mi:ss'),NULL),
  ('199','Agenti e rappresentanti dei consorzi agrari.',0.00,'199','Consorzi Agrari e di Bonifica',to_timestamp('10/08/2007 00:00:00', 'dd/mm/yyyy hh24:mi:ss'),to_timestamp('05/10/2019 13:59:59', 'dd/mm/yyyy hh24:mi:ss')),
  ('200','Rivendita quotidiani e periodici.',0.00,'200','Giornali Quotidiani',to_timestamp('10/08/2007 00:00:00', 'dd/mm/yyyy hh24:mi:ss'),to_timestamp('05/10/2019 13:59:59', 'dd/mm/yyyy hh24:mi:ss')),
  ('201','Cooperative socio-sanitarie.',0.00,'201','Servizi sanitari',to_timestamp('10/08/2007 00:00:00', 'dd/mm/yyyy hh24:mi:ss'),to_timestamp('05/10/2019 13:59:59', 'dd/mm/yyyy hh24:mi:ss')),
  ('202','Artisti Pubblici esercizi.',0.00,'202','Teatri e Trattenimento',to_timestamp('10/08/2007 00:00:00', 'dd/mm/yyyy hh24:mi:ss'),to_timestamp('05/10/2019 13:59:59', 'dd/mm/yyyy hh24:mi:ss')),
  ('203','Associazioni famiglie subnormali.',0.00,'203','Istituti Socio - assistenziali',to_timestamp('10/08/2007 00:00:00', 'dd/mm/yyyy hh24:mi:ss'),to_timestamp('05/10/2019 13:59:59', 'dd/mm/yyyy hh24:mi:ss')),
  ('2030','PETROLIO',0.00,'2030','Petrolio',to_timestamp('05/10/2019 14:00:00', 'dd/mm/yyyy hh24:mi:ss'),NULL),
  ('204','Centri elaborazione dati.',0.00,'204','Elaborazione dati',to_timestamp('10/08/2007 00:00:00', 'dd/mm/yyyy hh24:mi:ss'),to_timestamp('05/10/2019 13:59:59', 'dd/mm/yyyy hh24:mi:ss')),
  ('2040','GOMMA - Artigianato',0.00,'2040','Abbigliamento',to_timestamp('05/10/2019 14:00:00', 'dd/mm/yyyy hh24:mi:ss'),NULL),
  ('205','C.c.n.l. per i dipendenti dalla S.I.A.E.',0.00,'205','Emittenti Radio - Televisive',to_timestamp('10/08/2007 00:00:00', 'dd/mm/yyyy hh24:mi:ss'),to_timestamp('05/10/2019 13:59:59', 'dd/mm/yyyy hh24:mi:ss')),
  ('2050','POMPE FUNEBRI',0.00,'2050','Pompe funebri',to_timestamp('05/10/2019 14:00:00', 'dd/mm/yyyy hh24:mi:ss'),NULL),
  ('2060','PORTIERI',0.00,'2060','Proprietari di fabbricati',to_timestamp('05/10/2019 14:00:00', 'dd/mm/yyyy hh24:mi:ss'),NULL),
  ('207','C.c.n.l. per i dipendenti dagli enti di previdenza privatizzati.',0.00,'207','Enti di Previdenza Privatizzati',to_timestamp('10/08/2007 00:00:00', 'dd/mm/yyyy hh24:mi:ss'),to_timestamp('05/10/2019 13:59:59', 'dd/mm/yyyy hh24:mi:ss')),
  ('209','Servizi di telecomunicazione.',0.00,'209','Telecomunicazioni',to_timestamp('10/08/2007 00:00:00', 'dd/mm/yyyy hh24:mi:ss'),to_timestamp('05/10/2019 13:59:59', 'dd/mm/yyyy hh24:mi:ss')),
  ('210','Servizi di assistenza soccorso stradale.',0.00,'210','Soccorso stradale',to_timestamp('10/08/2007 00:00:00', 'dd/mm/yyyy hh24:mi:ss'),to_timestamp('05/10/2019 13:59:59', 'dd/mm/yyyy hh24:mi:ss')),
  ('2100','RECAPITO TELEGRAMMI',0.00,'2100','Recapito',to_timestamp('05/10/2019 14:00:00', 'dd/mm/yyyy hh24:mi:ss'),NULL),
  ('211','C.c.n.l. per i contoterzisti in agricoltura.',0.00,'211','Agricoltura',to_timestamp('10/08/2007 00:00:00', 'dd/mm/yyyy hh24:mi:ss'),to_timestamp('05/10/2019 13:59:59', 'dd/mm/yyyy hh24:mi:ss')),
  ('213','Scuole superiori interpreti ¿ docenti.',0.00,'213','Scuole laiche Scuole materne Scuole religiose',to_timestamp('10/08/2007 00:00:00', 'dd/mm/yyyy hh24:mi:ss'),to_timestamp('05/10/2019 13:59:59', 'dd/mm/yyyy hh24:mi:ss')),
  ('215','AVIS.',0.00,'215','Servizi sanitari',to_timestamp('10/08/2007 00:00:00', 'dd/mm/yyyy hh24:mi:ss'),to_timestamp('05/10/2019 13:59:59', 'dd/mm/yyyy hh24:mi:ss')),
  ('216','Ospedali religiosi classificati: medici.',0.00,'216','Servizi sanitari',to_timestamp('10/08/2007 00:00:00', 'dd/mm/yyyy hh24:mi:ss'),to_timestamp('05/10/2019 13:59:59', 'dd/mm/yyyy hh24:mi:ss')),
  ('217','Dipendenti A.I.A.S.S.',0.00,'217','Istituti Socio - assistenziali',to_timestamp('10/08/2007 00:00:00', 'dd/mm/yyyy hh24:mi:ss'),to_timestamp('05/10/2019 13:59:59', 'dd/mm/yyyy hh24:mi:ss')),
  ('2170','SCUOLE PRIVATE LAICHE',0.00,'2170','Scuole laiche Scuole materne Scuole religiose',to_timestamp('05/10/2019 14:00:00', 'dd/mm/yyyy hh24:mi:ss'),NULL),
  ('218','Cooperative di vigilanza.',0.00,'218','Istituti - Consorzi vigilanza privata',to_timestamp('10/08/2007 00:00:00', 'dd/mm/yyyy hh24:mi:ss'),to_timestamp('05/10/2019 13:59:59', 'dd/mm/yyyy hh24:mi:ss')),
  ('2180','SCUOLE PRIVATE RELIGIOSE - I categoria',0.00,'2180','Scuole laiche Scuole materne Scuole religiose',to_timestamp('05/10/2019 14:00:00', 'dd/mm/yyyy hh24:mi:ss'),NULL),
  ('219','Enti lirico-sinfonici.',0.00,'219','Teatri e Trattenimento',to_timestamp('10/08/2007 00:00:00', 'dd/mm/yyyy hh24:mi:ss'),to_timestamp('05/10/2019 13:59:59', 'dd/mm/yyyy hh24:mi:ss')),
  ('2190','SCUOLE PRIVATE RELIGIOSE - II categoria',0.00,'2190','Scuole laiche Scuole materne Scuole religiose',to_timestamp('05/10/2019 14:00:00', 'dd/mm/yyyy hh24:mi:ss'),NULL),
  ('220','Generici e comparse cinematografici.',0.00,'220','Cinematografi e cinematografia',to_timestamp('10/08/2007 00:00:00', 'dd/mm/yyyy hh24:mi:ss'),to_timestamp('05/10/2019 13:59:59', 'dd/mm/yyyy hh24:mi:ss')),
  ('2200','SCUOLE PRIVATE RELIGIOSE - III categoria',0.00,'2200','Scuole laiche Scuole materne Scuole religiose',to_timestamp('05/10/2019 14:00:00', 'dd/mm/yyyy hh24:mi:ss'),NULL),
  ('221','221 Ippodromi: professionisti autonomi.',0.00,'221','Scuderie - Ippodromi',to_timestamp('10/08/2007 00:00:00', 'dd/mm/yyyy hh24:mi:ss'),to_timestamp('05/10/2019 13:59:59', 'dd/mm/yyyy hh24:mi:ss')),
  ('2210','SCUOLE PRIVATE RELIGIOSE - IV categoria',0.00,'2210','Scuole laiche Scuole materne Scuole religiose',to_timestamp('05/10/2019 14:00:00', 'dd/mm/yyyy hh24:mi:ss'),NULL),
  ('222','C.c.n.l. per i dipendenti dalle piccole radio e tv.',0.00,'222','Emittenti Radio - Televisive',to_timestamp('10/08/2007 00:00:00', 'dd/mm/yyyy hh24:mi:ss'),to_timestamp('05/10/2019 13:59:59', 'dd/mm/yyyy hh24:mi:ss')),
  ('2220','PULIZIA',0.00,'2220','Nettezza urbana Igiene ambientale',to_timestamp('05/10/2019 14:00:00', 'dd/mm/yyyy hh24:mi:ss'),NULL),
  ('2230','FERROVIE DELLO STATO - Servizi appalto',0.00,'2230','Servizi in appalto Ferrovie dello stato',to_timestamp('05/10/2019 14:00:00', 'dd/mm/yyyy hh24:mi:ss'),NULL),
  ('224','Confezioni su misura.',0.00,'224','Tessili',to_timestamp('10/08/2007 00:00:00', 'dd/mm/yyyy hh24:mi:ss'),to_timestamp('05/10/2019 13:59:59', 'dd/mm/yyyy hh24:mi:ss')),
  ('2240','POSTE - Servizi in appalto',0.00,'2240','Servizi postali in appalto',to_timestamp('05/10/2019 14:00:00', 'dd/mm/yyyy hh24:mi:ss'),NULL),
  ('225','C.c.n.l. per i fotoincisori artigiani.',0.00,'225','Fotoincisori',to_timestamp('10/08/2007 00:00:00', 'dd/mm/yyyy hh24:mi:ss'),to_timestamp('05/10/2019 13:59:59', 'dd/mm/yyyy hh24:mi:ss')),
  ('226','Azienda autonoma di assistenza al volo',0.00,'226','Trasporti',to_timestamp('10/08/2007 00:00:00', 'dd/mm/yyyy hh24:mi:ss'),to_timestamp('05/10/2019 13:59:59', 'dd/mm/yyyy hh24:mi:ss')),
  ('227','Esercizio raccordi ferroviari',0.00,'227','Trasporti',to_timestamp('10/08/2007 00:00:00', 'dd/mm/yyyy hh24:mi:ss'),to_timestamp('05/10/2019 13:59:59', 'dd/mm/yyyy hh24:mi:ss')),
  ('228','Medici di bordo.',0.00,'228','Trasporti',to_timestamp('10/08/2007 00:00:00', 'dd/mm/yyyy hh24:mi:ss'),to_timestamp('05/10/2019 13:59:59', 'dd/mm/yyyy hh24:mi:ss')),
  ('2280','STABILIMENTI BALNEARI - Confcommercio',0.00,'2280','Turismo',to_timestamp('05/10/2019 14:00:00', 'dd/mm/yyyy hh24:mi:ss'),NULL),
  ('2290','STABILIMENTI BALNEARI MINORI - Confcom.',0.00,'2290','Turismo',to_timestamp('05/10/2019 14:00:00', 'dd/mm/yyyy hh24:mi:ss'),NULL),
  ('230','C.c.n.l. per i dirigenti trasporti terrestri.',0.00,'230','Dirigenti',to_timestamp('10/08/2007 00:00:00', 'dd/mm/yyyy hh24:mi:ss'),to_timestamp('05/10/2019 13:59:59', 'dd/mm/yyyy hh24:mi:ss')),
  ('2300','STUDI PROFESSIONALI - Cipa',0.00,'2300','Studi professionali',to_timestamp('05/10/2019 14:00:00', 'dd/mm/yyyy hh24:mi:ss'),NULL),
  ('231','Compagnie aeree straniere.',0.00,'231','Trasporti',to_timestamp('10/08/2007 00:00:00', 'dd/mm/yyyy hh24:mi:ss'),to_timestamp('05/10/2019 13:59:59', 'dd/mm/yyyy hh24:mi:ss')),
  ('2310','STUDI PROFESSIONALI - Consilp',0.00,'2310','Studi professionali',to_timestamp('05/10/2019 14:00:00', 'dd/mm/yyyy hh24:mi:ss'),NULL),
  ('232','Tecnici elicotteristi ¿ SOC. ELITOS.',0.00,'232','Trasporti',to_timestamp('10/08/2007 00:00:00', 'dd/mm/yyyy hh24:mi:ss'),to_timestamp('05/10/2019 13:59:59', 'dd/mm/yyyy hh24:mi:ss')),
  ('2320','TABACCO',0.00,'2320','Tabacco',to_timestamp('05/10/2019 14:00:00', 'dd/mm/yyyy hh24:mi:ss'),NULL),
  ('233','Equipaggi aliscafi.',0.00,'233','Marittimi',to_timestamp('10/08/2007 00:00:00', 'dd/mm/yyyy hh24:mi:ss'),to_timestamp('05/10/2019 13:59:59', 'dd/mm/yyyy hh24:mi:ss')),
  ('2330','TEATRI',0.00,'2330','Teatri e Trattenimento',to_timestamp('05/10/2019 14:00:00', 'dd/mm/yyyy hh24:mi:ss'),NULL),
  ('234','C.c.n.l. per i dirigenti FINMARE.',0.00,'234','Dirigenti',to_timestamp('10/08/2007 00:00:00', 'dd/mm/yyyy hh24:mi:ss'),to_timestamp('05/10/2019 13:59:59', 'dd/mm/yyyy hh24:mi:ss')),
  ('2340','TERME',0.00,'2340','Terme',to_timestamp('05/10/2019 14:00:00', 'dd/mm/yyyy hh24:mi:ss'),NULL),
  ('235','FINMARE: personale non navigante.',0.00,'235','Marittimi',to_timestamp('10/08/2007 00:00:00', 'dd/mm/yyyy hh24:mi:ss'),to_timestamp('05/10/2019 13:59:59', 'dd/mm/yyyy hh24:mi:ss')),
  ('236','Marittimi italiani su navi estere.',0.00,'236','Marittimi',to_timestamp('10/08/2007 00:00:00', 'dd/mm/yyyy hh24:mi:ss'),to_timestamp('05/10/2019 13:59:59', 'dd/mm/yyyy hh24:mi:ss')),
  ('237','Equipaggi navi passeggeri armamento libero.',0.00,'237','Marittimi',to_timestamp('10/08/2007 00:00:00', 'dd/mm/yyyy hh24:mi:ss'),to_timestamp('05/10/2019 13:59:59', 'dd/mm/yyyy hh24:mi:ss')),
  ('238','Addetti agli uffici servizi marittimi locali.',0.00,'238','Marittimi',to_timestamp('10/08/2007 00:00:00', 'dd/mm/yyyy hh24:mi:ss'),to_timestamp('05/10/2019 13:59:59', 'dd/mm/yyyy hh24:mi:ss')),
  ('239','Equipaggi servizi marittimi locali.',0.00,'239','Marittimi',to_timestamp('10/08/2007 00:00:00', 'dd/mm/yyyy hh24:mi:ss'),to_timestamp('05/10/2019 13:59:59', 'dd/mm/yyyy hh24:mi:ss')),
  ('240','Personale di Stato Maggiore servizi marittimi locali.',0.00,'240','Marittimi',to_timestamp('10/08/2007 00:00:00', 'dd/mm/yyyy hh24:mi:ss'),to_timestamp('05/10/2019 13:59:59', 'dd/mm/yyyy hh24:mi:ss')),
  ('241','C.c.n.l. per i dirigenti delle societa'' di armamento libero.',0.00,'241','Dirigenti',to_timestamp('10/08/2007 00:00:00', 'dd/mm/yyyy hh24:mi:ss'),to_timestamp('05/10/2019 13:59:59', 'dd/mm/yyyy hh24:mi:ss')),
  ('2410','TRASPORTO A FUNE',0.00,'2410','Trasporti',to_timestamp('05/10/2019 14:00:00', 'dd/mm/yyyy hh24:mi:ss'),NULL),
  ('242','Aziende concessionarie riscossione tributi: Direttivo.',0.00,'242','Tributario',to_timestamp('10/08/2007 00:00:00', 'dd/mm/yyyy hh24:mi:ss'),to_timestamp('05/10/2019 13:59:59', 'dd/mm/yyyy hh24:mi:ss')),
  ('243','Aziende concessionarie riscossione tributi: Impiegati.',0.00,'243','Tributario',to_timestamp('10/08/2007 00:00:00', 'dd/mm/yyyy hh24:mi:ss'),to_timestamp('05/10/2019 13:59:59', 'dd/mm/yyyy hh24:mi:ss')),
  ('244','Consorzio nazionale concessionari direttivi.',0.00,'244','Tributario',to_timestamp('10/08/2007 00:00:00', 'dd/mm/yyyy hh24:mi:ss'),to_timestamp('05/10/2019 13:59:59', 'dd/mm/yyyy hh24:mi:ss')),
  ('2440','VETRO - Industria - Settore a soffio',0.00,'2440','Vetro',to_timestamp('05/10/2019 14:00:00', 'dd/mm/yyyy hh24:mi:ss'),NULL),
  ('245','Consorzio nazionale concessionari gia'' esattori.',0.00,'245','Tributario',to_timestamp('10/08/2007 00:00:00', 'dd/mm/yyyy hh24:mi:ss'),to_timestamp('05/10/2019 13:59:59', 'dd/mm/yyyy hh24:mi:ss')),
  ('2450','VETRO - Industria - Settore meccanizzato',0.00,'2450','Vetro',to_timestamp('05/10/2019 14:00:00', 'dd/mm/yyyy hh24:mi:ss'),NULL),
  ('246','CCNL per i capitani di lungo corso al comando e per i capitani di macchina alla direzione di macchina di navi dell''armamento libero e della societa'' del gruppo TIRRENIA non in REGOLAMENTO ORGANICO e della societa'' ALMARE.',0.00,'246','Marittimi',to_timestamp('10/08/2007 00:00:00', 'dd/mm/yyyy hh24:mi:ss'),to_timestamp('05/10/2019 13:59:59', 'dd/mm/yyyy hh24:mi:ss')),
  ('2460','VIAGGIATORI E PIAZZISTI - Confcommercio',0.00,'2460','Viaggiatori e Piazzisti',to_timestamp('05/10/2019 14:00:00', 'dd/mm/yyyy hh24:mi:ss'),NULL),
  ('247','CCNL per l''imbarco degli equipaggi degli aliscafi e dei natanti veloci per trasporto passeggeri, gestiti sia dall''armatoria pubblica che da quella privata.',0.00,'247','Marittimi',to_timestamp('10/08/2007 00:00:00', 'dd/mm/yyyy hh24:mi:ss'),to_timestamp('05/10/2019 13:59:59', 'dd/mm/yyyy hh24:mi:ss')),
  ('2470','VIGILANZA PRIVATA',0.00,'2470','Istituti - Consorzi vigilanza privata',to_timestamp('05/10/2019 14:00:00', 'dd/mm/yyyy hh24:mi:ss'),NULL),
  ('248','CCNL per l''imbarco degli equipaggi delle navi da passeggeri superiori a 50 Tsl delle societa'' di navigazione TIRRENIA, ADRIATICA, LLOYD TRIESTINO e ITALIA (per il personale in forza alla data del 13.08.1998).',0.00,'248','Marittimi',to_timestamp('10/08/2007 00:00:00', 'dd/mm/yyyy hh24:mi:ss'),to_timestamp('05/10/2019 13:59:59', 'dd/mm/yyyy hh24:mi:ss')),
  ('249','CCNL per l''imbarco degli equipaggi delle navi da carico superiori a 500 Tsl delle societa'' di navigazione TIRRENIA, ADRIATICA, LLOYD TRIESTINO e ITALIA (per il personale in forza alla data del 13.08.1998).',0.00,'249','Marittimi',to_timestamp('10/08/2007 00:00:00', 'dd/mm/yyyy hh24:mi:ss'),to_timestamp('05/10/2019 13:59:59', 'dd/mm/yyyy hh24:mi:ss')),
  ('250','CCNL per gli addetti agli uffici e per il personale operaio l''imbarco delle societa'' di navigazione TIRRENIA, ADRIATICA, LLOYD TRIESTINO e ITALIA (per il personale in forza alla data del 13.08.1998) e della Societa'' Finanziaria Marittima (FNMARE).',0.00,'250','Marittimi',to_timestamp('10/08/2007 00:00:00', 'dd/mm/yyyy hh24:mi:ss'),to_timestamp('05/10/2019 13:59:59', 'dd/mm/yyyy hh24:mi:ss')),
  ('251','CCNL per l''imbarco degli equipaggi delle Societa'' Regionali CAREMAR, SIREMAR, TOREMAR e SAREMAR.',0.00,'251','Marittimi',to_timestamp('10/08/2007 00:00:00', 'dd/mm/yyyy hh24:mi:ss'),to_timestamp('05/10/2019 13:59:59', 'dd/mm/yyyy hh24:mi:ss')),
  ('252','REGOLAMENTO ORGANICO per gli addetti agli uffici delle societa'' esercenti i servizi marittimi, postali e commerciali di carattere locale CAREMAR, SIREMAR, TOREMAR e SAREMAR.',0.00,'252','Marittimi',to_timestamp('10/08/2007 00:00:00', 'dd/mm/yyyy hh24:mi:ss'),to_timestamp('05/10/2019 13:59:59', 'dd/mm/yyyy hh24:mi:ss')),
  ('253','REGOLAMENTO ORGANICO per il personale di Stato Maggiore Navigante delle societa'' esercenti i servizi marittimi, postali e commerciali di carattere locale CAREMAR, SIREMAR, TOREMAR e SAREMAR.',0.00,'253','Marittimi',to_timestamp('10/08/2007 00:00:00', 'dd/mm/yyyy hh24:mi:ss'),to_timestamp('05/10/2019 13:59:59', 'dd/mm/yyyy hh24:mi:ss')),
  ('2530','CONSORZI DI BONIFICA',0.00,'2530','Consorzi Agrari e di Bonifica',to_timestamp('05/10/2019 14:00:00', 'dd/mm/yyyy hh24:mi:ss'),NULL),
  ('254','CCNL per gli equipaggi dei piroscafi superiori a 550 Tsl della ALMARE.',0.00,'254','Marittimi',to_timestamp('10/08/2007 00:00:00', 'dd/mm/yyyy hh24:mi:ss'),to_timestamp('05/10/2019 13:59:59', 'dd/mm/yyyy hh24:mi:ss')),
  ('2540','NETTEZZA URBANA - Az. Municipalizzate',0.00,'2540','Nettezza urbana Igiene ambientale',to_timestamp('05/10/2019 14:00:00', 'dd/mm/yyyy hh24:mi:ss'),NULL),
  ('255','Contratto Aziendale di Lavoro per gli addetti agli uffici della ALMARE.',0.00,'255','Marittimi',to_timestamp('10/08/2007 00:00:00', 'dd/mm/yyyy hh24:mi:ss'),to_timestamp('05/10/2019 13:59:59', 'dd/mm/yyyy hh24:mi:ss')),
  ('2550','GIORNALI QUOTIDIANI',0.00,'2550','Giornali Quotidiani',to_timestamp('05/10/2019 14:00:00', 'dd/mm/yyyy hh24:mi:ss'),NULL),
  ('256','CCNL per gli ufficiali radiotelegrafisti della societa'' TELECOM ITALIA.',0.00,'256','Marittimi',to_timestamp('10/08/2007 00:00:00', 'dd/mm/yyyy hh24:mi:ss'),to_timestamp('05/10/2019 13:59:59', 'dd/mm/yyyy hh24:mi:ss')),
  ('257','REGOLAMENTO ORGANICO per il personale di Stato Maggiore Navigante delle societa'' di navigazione TIRRENIA, ADRIATICA, ITALIA, LLOYD TRIESTINO.',0.00,'257','Marittimi',to_timestamp('10/08/2007 00:00:00', 'dd/mm/yyyy hh24:mi:ss'),to_timestamp('05/10/2019 13:59:59', 'dd/mm/yyyy hh24:mi:ss')),
  ('258','CCNL per i medici di bordo imbarcati su navi passeggeri superiori a 50 Tsl.',0.00,'258','Marittimi',to_timestamp('10/08/2007 00:00:00', 'dd/mm/yyyy hh24:mi:ss'),to_timestamp('05/10/2019 13:59:59', 'dd/mm/yyyy hh24:mi:ss')),
  ('2580','MEDICI SPECIALISTI AMBULATORI',0.00,'2580','Nessun contratto',to_timestamp('05/10/2019 14:00:00', 'dd/mm/yyyy hh24:mi:ss'),NULL),
  ('259','CCNL per l''imbarco degli equipaggi dei piroscafi e delle motonavi da carico superiori a 300 Tsl',0.00,'259','Marittimi',to_timestamp('10/08/2007 00:00:00', 'dd/mm/yyyy hh24:mi:ss'),to_timestamp('05/10/2019 13:59:59', 'dd/mm/yyyy hh24:mi:ss')),
  ('2590','IDRAULICO FORESTALE ED AGRARIA',0.00,'2590','Consorzi Agrari e di Bonifica',to_timestamp('05/10/2019 14:00:00', 'dd/mm/yyyy hh24:mi:ss'),NULL),
  ('260','CCNL per i marittimi imbarcati sulle navi da carico a scafo metallico da 151 a 3000 Tsl o da 151 a 4000 Tsc (=tonnellate stazza onvenzionale).',0.00,'260','Marittimi',to_timestamp('10/08/2007 00:00:00', 'dd/mm/yyyy hh24:mi:ss'),to_timestamp('05/10/2019 13:59:59', 'dd/mm/yyyy hh24:mi:ss')),
  ('2600','AGENZIE DI VIAGGIO MINORI - Confcom.',0.00,'2600','Turismo',to_timestamp('05/10/2019 14:00:00', 'dd/mm/yyyy hh24:mi:ss'),NULL),
  ('261','CCNL per i marittimi imbarcati su navi fino a 151 Tsl adibite a qualunque tipo di traffico, compreso il diporto, con esclusione dei marittimi imbarcati su navi gia'' oggetto di altro contratto di lavoro ( aliscafi, rimorchiatori portuali, marittimi edili, bunkeraggi e servizi portuali diversi)',0.00,'261','Marittimi',to_timestamp('10/08/2007 00:00:00', 'dd/mm/yyyy hh24:mi:ss'),to_timestamp('05/10/2019 13:59:59', 'dd/mm/yyyy hh24:mi:ss')),
  ('2610','AGENZIE IPPICHE',0.00,'2610','Agenzie Aeree, di Assicurazione, Ippiche e marittime',to_timestamp('05/10/2019 14:00:00', 'dd/mm/yyyy hh24:mi:ss'),NULL),
  ('262','CCNL per i marittimi imbarcati su navi da crociera.',0.00,'262','Marittimi',to_timestamp('10/08/2007 00:00:00', 'dd/mm/yyyy hh24:mi:ss'),to_timestamp('05/10/2019 13:59:59', 'dd/mm/yyyy hh24:mi:ss')),
  ('2620','PUBBLICI ESERCIZI - Personale artistico',0.00,'2620','Spettacolo',to_timestamp('05/10/2019 14:00:00', 'dd/mm/yyyy hh24:mi:ss'),NULL),
  ('263','CCNL per il personale imbarcato sulle unita'' adibite al servizio di rimorchio e al soccorso di navi.',0.00,'263','Marittimi',to_timestamp('10/08/2007 00:00:00', 'dd/mm/yyyy hh24:mi:ss'),to_timestamp('05/10/2019 13:59:59', 'dd/mm/yyyy hh24:mi:ss')),
  ('264','CCNL per gli addetti agli uffici e ai terminali delle societa'' e aziende di navigazione che esercitano l''armamento libero (=privato).',0.00,'264','Marittimi',to_timestamp('10/08/2007 00:00:00', 'dd/mm/yyyy hh24:mi:ss'),to_timestamp('05/10/2019 13:59:59', 'dd/mm/yyyy hh24:mi:ss')),
  ('265','Contratti di lavoro aziendali, territoriali o locali per le attivita'' marittime non regolamentate da CCNL (es. Pilotine).',0.00,'265','Marittimi',to_timestamp('10/08/2007 00:00:00', 'dd/mm/yyyy hh24:mi:ss'),to_timestamp('05/10/2019 13:59:59', 'dd/mm/yyyy hh24:mi:ss')),
  ('2650','TEATRI STABILI - Impiegati e Operai',0.00,'2650','Teatri e Trattenimento',to_timestamp('05/10/2019 14:00:00', 'dd/mm/yyyy hh24:mi:ss'),NULL),
  ('266','CCNL per l''imbarco di marittimi di nazionalita'' italiana su navi da carico e passeggeri locate a scfo nudo ad armatore straniero, ai sensi degli articoli 28 e 29 della legge n. 234/1999.',0.00,'266','Marittimi',to_timestamp('10/08/2007 00:00:00', 'dd/mm/yyyy hh24:mi:ss'),to_timestamp('05/10/2019 13:59:59', 'dd/mm/yyyy hh24:mi:ss')),
  ('2660','TEATRI STABILI - Personale Artistico',0.00,'2660','Spettacolo',to_timestamp('05/10/2019 14:00:00', 'dd/mm/yyyy hh24:mi:ss'),NULL),
  ('2670','CONSORZI AGRICOLI - Impiegati e Quadri',0.00,'2670','Agricoltura',to_timestamp('05/10/2019 14:00:00', 'dd/mm/yyyy hh24:mi:ss'),NULL),
  ('2680','CONSORZI AGRICOLI - Operai Agricoli',0.00,'2680','Agricoltura',to_timestamp('05/10/2019 14:00:00', 'dd/mm/yyyy hh24:mi:ss'),NULL),
  ('269','C.c.n.l. professori d''orchestra e artisti del coro',0.00,'269','Spettacolo',to_timestamp('15/03/2019 14:00:00', 'dd/mm/yyyy hh24:mi:ss'),to_timestamp('05/10/2019 13:59:59', 'dd/mm/yyyy hh24:mi:ss')),
  ('2690','CONSORZI AGRICOLI - Operai Florovivaisti',0.00,'2690','Agricoltura',to_timestamp('05/10/2019 14:00:00', 'dd/mm/yyyy hh24:mi:ss'),NULL),
  ('270','C.c.n.l. per i professori d''orchestra della Società RAI - Radiotelevisione Italiana S.p.A.;',0.00,'270','Spettacolo',to_timestamp('15/03/2019 14:00:00', 'dd/mm/yyyy hh24:mi:ss'),to_timestamp('05/10/2019 13:59:59', 'dd/mm/yyyy hh24:mi:ss')),
  ('2700','FERROVIE DELLO STATO',0.00,'2700','Ferrovie dello Stato',to_timestamp('05/10/2019 14:00:00', 'dd/mm/yyyy hh24:mi:ss'),NULL),
  ('271','C.c.n.l. personale artistico scritturato a tempo determinato dai pubblici esercizi con attività di trattenimento e spettacolo (CONFCOMMERCIO)',0.00,'271','Spettacolo',to_timestamp('15/03/2019 14:00:00', 'dd/mm/yyyy hh24:mi:ss'),to_timestamp('05/10/2019 13:59:59', 'dd/mm/yyyy hh24:mi:ss')),
  ('2710','ENEL',0.00,'2710','Energia Energia - Elettrica',to_timestamp('05/10/2019 14:00:00', 'dd/mm/yyyy hh24:mi:ss'),NULL),
  ('272','C.c.n.l. dipendenti dalle aziende dei servizi pubblici della cultura, del turismo, dello sport e del tempo libero',0.00,'272','Spettacolo',to_timestamp('15/03/2019 14:00:00', 'dd/mm/yyyy hh24:mi:ss'),to_timestamp('05/10/2019 13:59:59', 'dd/mm/yyyy hh24:mi:ss')),
  ('2720','TURISMO - Catene Alberghiere',0.00,'2720','Turismo',to_timestamp('05/10/2019 14:00:00', 'dd/mm/yyyy hh24:mi:ss'),NULL),
  ('273','C.c.n.l. per gli attori, i tecnici, i ballerini, i professori d''orchestra ed i coristi scritturati dai teatri stabili pubblici e dalle compagnie professionali di prosa',0.00,'273','Spettacolo',to_timestamp('15/03/2019 14:00:00', 'dd/mm/yyyy hh24:mi:ss'),to_timestamp('05/10/2019 13:59:59', 'dd/mm/yyyy hh24:mi:ss')),
  ('274','C.c.n.l. calcio atleti professionisti',0.00,'274','Sport',to_timestamp('15/03/2019 14:00:00', 'dd/mm/yyyy hh24:mi:ss'),to_timestamp('05/10/2019 13:59:59', 'dd/mm/yyyy hh24:mi:ss')),
  ('2740','PANIFICI - Federpan. (Produzione)',0.00,'2740','Panificazione',to_timestamp('05/10/2019 14:00:00', 'dd/mm/yyyy hh24:mi:ss'),NULL),
  ('275','C.cn.l. calcio allenatori professionisti',0.00,'275','Sport',to_timestamp('15/03/2019 14:00:00', 'dd/mm/yyyy hh24:mi:ss'),to_timestamp('05/10/2019 13:59:59', 'dd/mm/yyyy hh24:mi:ss')),
  ('2750','PANIFICI - Federpan. (Distribuzione)',0.00,'2750','Panificazione',to_timestamp('05/10/2019 14:00:00', 'dd/mm/yyyy hh24:mi:ss'),NULL),
  ('276','C.c.n.l. pallacanestro atleti professionisti',0.00,'276','Sport',to_timestamp('15/03/2019 14:00:00', 'dd/mm/yyyy hh24:mi:ss'),to_timestamp('05/10/2019 13:59:59', 'dd/mm/yyyy hh24:mi:ss')),
  ('2760','SACRISTI',0.00,'2760','Sacristi',to_timestamp('05/10/2019 14:00:00', 'dd/mm/yyyy hh24:mi:ss'),NULL),
  ('2770','SCUDERIE - Corse al Galoppo',0.00,'2770','Scuderie - Ippodromi',to_timestamp('05/10/2019 14:00:00', 'dd/mm/yyyy hh24:mi:ss'),NULL),
  ('2780','AUTOFERROTRANVIERI',0.00,'2780','Trasporti',to_timestamp('05/10/2019 14:00:00', 'dd/mm/yyyy hh24:mi:ss'),NULL),
  ('2790','VIDEOFONOGRAFIA - Industria',0.00,'2790','Videofonografia',to_timestamp('05/10/2019 14:00:00', 'dd/mm/yyyy hh24:mi:ss'),NULL),
  ('2800','MARITTIMI - Armamento Libero (Impiegati)',0.00,'2800','Marittimi',to_timestamp('05/10/2019 14:00:00', 'dd/mm/yyyy hh24:mi:ss'),NULL),
  ('2801','MARITTIMI - Add.uffici soc.nav.private',0.00,'2801','Marittimi',to_timestamp('05/10/2019 14:00:00', 'dd/mm/yyyy hh24:mi:ss'),NULL),
  ('2802','MARITTIMI - Pers. non navig. (FINMARE)',0.00,'2802','Marittimi',to_timestamp('05/10/2019 14:00:00', 'dd/mm/yyyy hh24:mi:ss'),NULL),
  ('2803','MARITTIMI - Eq.navi pass. armamento',0.00,'2803','Marittimi',to_timestamp('05/10/2019 14:00:00', 'dd/mm/yyyy hh24:mi:ss'),NULL),
  ('2804','MARITTIMI - Add.uff.serv.marittimi loc.',0.00,'2804','Marittimi',to_timestamp('05/10/2019 14:00:00', 'dd/mm/yyyy hh24:mi:ss'),NULL),
  ('2805','MARITTIMI - Addetti agli uffici',0.00,'2805','Marittimi',to_timestamp('05/10/2019 14:00:00', 'dd/mm/yyyy hh24:mi:ss'),NULL),
  ('2840','ALLEVATORI ZOOTECNICI',0.00,'2840','Allevatori e Consorzi zootecnici',to_timestamp('05/10/2019 14:00:00', 'dd/mm/yyyy hh24:mi:ss'),NULL),
  ('2870','AGRICOLTURA - Contoterzismo - Operai',0.00,'2870','Agricoltura',to_timestamp('05/10/2019 14:00:00', 'dd/mm/yyyy hh24:mi:ss'),NULL),
  ('2890','AGRICOLTURA - Contoterzismo - Impiegati',0.00,'2890','Agricoltura',to_timestamp('05/10/2019 14:00:00', 'dd/mm/yyyy hh24:mi:ss'),NULL),
  ('290','C.c.n.l. edilizia CONFIMI (messaggio 312/2016).',0.00,'290','Edilizia',to_timestamp('15/03/2019 14:00:00', 'dd/mm/yyyy hh24:mi:ss'),to_timestamp('05/10/2019 13:59:59', 'dd/mm/yyyy hh24:mi:ss')),
  ('2900','LAPIDEI - Artigianato',0.00,'2900','Lapidei',to_timestamp('05/10/2019 14:00:00', 'dd/mm/yyyy hh24:mi:ss'),NULL),
  ('291','C.c.n.l. AISS, UGL,UGL Sicurezza civile e FEDERTERZIARIO per i servizi di sicurezza non armata e investigazioni.',0.00,'291','Servizi',to_timestamp('15/03/2019 14:00:00', 'dd/mm/yyyy hh24:mi:ss'),to_timestamp('05/10/2019 13:59:59', 'dd/mm/yyyy hh24:mi:ss')),
  ('2910','DIRIGENTI - Aziende Cooperative',0.00,'2910','Dirigenti',to_timestamp('05/10/2019 14:00:00', 'dd/mm/yyyy hh24:mi:ss'),NULL),
  ('292','C.c.n.l. FOR.ITALY e UGL terziario per i dipendenti dalle piccole e medie imprese operanti nel settore commercio e attività affini del sistema di rappresentanza FOR.ITALY.',0.00,'292','Commercio',to_timestamp('15/03/2019 14:00:00', 'dd/mm/yyyy hh24:mi:ss'),to_timestamp('05/10/2019 13:59:59', 'dd/mm/yyyy hh24:mi:ss')),
  ('2920','CERAMICA - Industria',0.00,'2920','Ceramica e abrasivi',to_timestamp('05/10/2019 14:00:00', 'dd/mm/yyyy hh24:mi:ss'),NULL),
  ('293','C.c.n.l. FOR.ITALY e UGL terziario per i dipendenti dalle piccole e medie imprese operanti nel settore del turismo e attività affini del sistema di rappresentanza FOR.ITALY.',0.00,'293','Turismo',to_timestamp('15/03/2019 14:00:00', 'dd/mm/yyyy hh24:mi:ss'),to_timestamp('05/10/2019 13:59:59', 'dd/mm/yyyy hh24:mi:ss')),
  ('2930','CONSORZI AGRARI',0.00,'2930','Consorzi Agrari e di Bonifica',to_timestamp('05/10/2019 14:00:00', 'dd/mm/yyyy hh24:mi:ss'),NULL),
  ('294','C.c.n.l. FOR.ITALY e UGL terziario per i dipendenti dalle piccole e medie imprese operanti nel settore servizi e attività affini del sistema di rappresentanza FOR.ITALY.',0.00,'294','Servizi',to_timestamp('15/03/2019 14:00:00', 'dd/mm/yyyy hh24:mi:ss'),to_timestamp('05/10/2019 13:59:59', 'dd/mm/yyyy hh24:mi:ss')),
  ('2950','SCUDERIE - Corse al Trotto',0.00,'2950','Scuderie - Ippodromi',to_timestamp('05/10/2019 14:00:00', 'dd/mm/yyyy hh24:mi:ss'),NULL),
  ('2960','SOCIETA` DI CORSE DEI CAVALLI',0.00,'2960','Scuderie - Ippodromi',to_timestamp('05/10/2019 14:00:00', 'dd/mm/yyyy hh24:mi:ss'),NULL),
  ('300','C.c.n.l. CONFIMI IMPRESA MECCANICA per i dipendenti dalle piccole e medie industrie metalmeccaniche e della installazione impianti. Messaggio n. 3132/2016.',0.00,'300','Metalmeccanica',to_timestamp('15/03/2019 14:00:00', 'dd/mm/yyyy hh24:mi:ss'),to_timestamp('05/10/2019 13:59:59', 'dd/mm/yyyy hh24:mi:ss')),
  ('301','C.c.n.l. CONFIMI IMPRESA LEGNO per i dipendenti dalle piccole e medie industrie del legno, del sughero, del mobile, dell''arredamento e boschivi forestali. Messaggio n. 3132/2016.',0.00,'301','Legno e Arredamento',to_timestamp('15/03/2019 14:00:00', 'dd/mm/yyyy hh24:mi:ss'),to_timestamp('05/10/2019 13:59:59', 'dd/mm/yyyy hh24:mi:ss')),
  ('302','C.c.n.l. ANIEM per i dipendenti dalle piccole e medie industrie di escavazione e lavorazione materiali lapidei. Messaggio n. 3132/201',0.00,'302','Lapidei',to_timestamp('15/03/2019 14:00:00', 'dd/mm/yyyy hh24:mi:ss'),to_timestamp('05/10/2019 13:59:59', 'dd/mm/yyyy hh24:mi:ss')),
  ('303','C.c.n.l. ANIEM per i dipendenti dalle piccole e medie imprese produttrici di manufatti in cemento e laterizi. Messaggio n. 3132/2016.',0.00,'303','Laterizi',to_timestamp('15/03/2019 14:00:00', 'dd/mm/yyyy hh24:mi:ss'),to_timestamp('05/10/2019 13:59:59', 'dd/mm/yyyy hh24:mi:ss')),
  ('304','C.c.n.l. ANIEM per i dipendenti dalle piccole e medie imprese cemento calce e gesso. Messaggio n. 3132/2016.',0.00,'304','Cemento',to_timestamp('15/03/2019 14:00:00', 'dd/mm/yyyy hh24:mi:ss'),to_timestamp('05/10/2019 13:59:59', 'dd/mm/yyyy hh24:mi:ss')),
  ('3050','SCUOLE MATERNE FISM',0.00,'3050','Scuole laiche Scuole materne Scuole religiose',to_timestamp('05/10/2019 14:00:00', 'dd/mm/yyyy hh24:mi:ss'),NULL),
  ('3110','AGENZIE DI STAMPA',0.00,'3110','Giornali Quotidiani',to_timestamp('05/10/2019 14:00:00', 'dd/mm/yyyy hh24:mi:ss'),NULL),
  ('3120','PANIFICI - Fiesa (Produzione)',0.00,'3120','Panificazione',to_timestamp('05/10/2019 14:00:00', 'dd/mm/yyyy hh24:mi:ss'),NULL),
  ('3130','PANIFICI - Fiesa (Distribuzione)',0.00,'3130','Panificazione',to_timestamp('05/10/2019 14:00:00', 'dd/mm/yyyy hh24:mi:ss'),NULL),
  ('3140','PANIFICI - Fiesa',0.00,'3140','Panificazione',to_timestamp('05/10/2019 14:00:00', 'dd/mm/yyyy hh24:mi:ss'),NULL),
  ('3150','BUDELLA E TRIPPA',0.00,'3150','Budella e Trippa',to_timestamp('05/10/2019 14:00:00', 'dd/mm/yyyy hh24:mi:ss'),NULL),
  ('3170','ENTI LIRICI - Area Artistica',0.00,'3170','Teatri e Trattenimento',to_timestamp('05/10/2019 14:00:00', 'dd/mm/yyyy hh24:mi:ss'),NULL),
  ('3190','DIRIGENTI - Giornali Quotidiani',0.00,'3190','Dirigenti',to_timestamp('05/10/2019 14:00:00', 'dd/mm/yyyy hh24:mi:ss'),NULL),
  ('322','CCNL per i dipendenti delle PMI, delle cooperative del settore edile e affini-COOPITALIANE, IMPRESA ITALIA',0.00,'322','Edilizia',to_timestamp('15/03/2019 14:00:00', 'dd/mm/yyyy hh24:mi:ss'),to_timestamp('05/10/2019 13:59:59', 'dd/mm/yyyy hh24:mi:ss')),
  ('3220','ISTITUZIONI SOCIO ASS.(AGIDAE) EX 1 CAT.',0.00,'3220','Istituti Socio - assistenziali',to_timestamp('05/10/2019 14:00:00', 'dd/mm/yyyy hh24:mi:ss'),NULL),
  ('323','CCNL per il personale della mobilità/attività ferroviarie-AGENS',0.00,'323','Trasporti',to_timestamp('15/03/2019 14:00:00', 'dd/mm/yyyy hh24:mi:ss'),to_timestamp('05/10/2019 13:59:59', 'dd/mm/yyyy hh24:mi:ss')),
  ('3230','ISTITUZIONI SOCIO ASS.(AGIDAE) EX 2 CAT.',0.00,'3230','Istituti Socio - assistenziali',to_timestamp('05/10/2019 14:00:00', 'dd/mm/yyyy hh24:mi:ss'),NULL),
  ('324','CCNL per i dipendenti delle piccole e medie aziende dell''informatica e dei servizi innovativi e della comunicazione grafiche ed affini- FEDERDAT, UNSIC',0.00,'324','Grafica - Grafica editoriale',to_timestamp('15/03/2019 14:00:00', 'dd/mm/yyyy hh24:mi:ss'),to_timestamp('05/10/2019 13:59:59', 'dd/mm/yyyy hh24:mi:ss')),
  ('3240','ISTITUZIONI SOCIO ASS.(AGIDAE) EX 3 CAT.',0.00,'3240','Istituti Socio - assistenziali',to_timestamp('05/10/2019 14:00:00', 'dd/mm/yyyy hh24:mi:ss'),NULL),
  ('325','CCNL per i dipendenti da aziende di commercio, grande distribuzione e retail marketing-FEDERDAT, AEP',0.00,'325','Commercio',to_timestamp('15/03/2019 14:00:00', 'dd/mm/yyyy hh24:mi:ss'),to_timestamp('05/10/2019 13:59:59', 'dd/mm/yyyy hh24:mi:ss')),
  ('3250','ISTITUZIONI SOCIO ASS.(AGIDAE) 4 CAT.',0.00,'3250','Istituti Socio - assistenziali',to_timestamp('05/10/2019 14:00:00', 'dd/mm/yyyy hh24:mi:ss'),NULL),
  ('326','CCNL per i lavoratori dipendenti delle aziende e delle cooperative, esercenti attività non medica, anche conto terzi e in somministrazione, presso case di cura, case di soggiorno per anziani, RSA, centri socio-assistenziali ed educativi per minori, disabili, anziani, studi dentistici, case-famiglia, comunità educative e socio-assistenziali-FEDERDAT, UNSIC, UNSICOOP',0.00,'326','Case di Cura',to_timestamp('15/03/2019 14:00:00', 'dd/mm/yyyy hh24:mi:ss'),to_timestamp('05/10/2019 13:59:59', 'dd/mm/yyyy hh24:mi:ss')),
  ('327','CCNL logistica, trasporti merci e spedizioni-FEDERDAT',0.00,'327','Spedizione e Trasporto merci',to_timestamp('15/03/2019 14:00:00', 'dd/mm/yyyy hh24:mi:ss'),to_timestamp('05/10/2019 13:59:59', 'dd/mm/yyyy hh24:mi:ss')),
  ('3270','CINESCOPI - Industria',0.00,'3270','Lampade e cinescopi',to_timestamp('05/10/2019 14:00:00', 'dd/mm/yyyy hh24:mi:ss'),NULL),
  ('328','CCNL per i dipendenti di istituti ed imprese di vigilanza privata e servizi fiduciari-FEDERDAT, UNSIC, UNSICOOP',0.00,'328','Istituti - Consorzi vigilanza privata',to_timestamp('15/03/2019 14:00:00', 'dd/mm/yyyy hh24:mi:ss'),to_timestamp('05/10/2019 13:59:59', 'dd/mm/yyyy hh24:mi:ss')),
  ('329','CCNL per i dipendenti degli studi professionali-FEDERDAT',0.00,'329','Studi professionali',to_timestamp('15/03/2019 14:00:00', 'dd/mm/yyyy hh24:mi:ss'),to_timestamp('05/10/2019 13:59:59', 'dd/mm/yyyy hh24:mi:ss')),
  ('330','CCNL per i dipendenti da imprese edili e affini-FEDERDAT, UNSIC, UNSICOOP',0.00,'330','Edilizia',to_timestamp('15/03/2019 14:00:00', 'dd/mm/yyyy hh24:mi:ss'),to_timestamp('05/10/2019 13:59:59', 'dd/mm/yyyy hh24:mi:ss')),
  ('331','CCNL per i dipendenti dalle aziende artigiane- FEDERDAT, UNSIC',0.00,'331','Commercio',to_timestamp('15/03/2019 14:00:00', 'dd/mm/yyyy hh24:mi:ss'),to_timestamp('05/10/2019 13:59:59', 'dd/mm/yyyy hh24:mi:ss')),
  ('3310','AGENTI DI COMMERCIO - Commercio',0.00,'3310','Commercio',to_timestamp('05/10/2019 14:00:00', 'dd/mm/yyyy hh24:mi:ss'),NULL),
  ('332','CCNL per i lavoratori delle industrie alimentari-FEDERDAT, UNSIC',0.00,'332','Alimentari',to_timestamp('15/03/2019 14:00:00', 'dd/mm/yyyy hh24:mi:ss'),to_timestamp('05/10/2019 13:59:59', 'dd/mm/yyyy hh24:mi:ss')),
  ('333','CCNL per gli operai agricoli e florovivaisti-FEDERDAT',0.00,'333','Agricoltura',to_timestamp('15/03/2019 14:00:00', 'dd/mm/yyyy hh24:mi:ss'),to_timestamp('05/10/2019 13:59:59', 'dd/mm/yyyy hh24:mi:ss')),
  ('334','CCNL per i dipendenti da aziende dell''industria turistica - FEDERTURISMO CONFINDUSTRIA, AICA',0.00,'334','Turismo',to_timestamp('15/03/2019 14:00:00', 'dd/mm/yyyy hh24:mi:ss'),to_timestamp('05/10/2019 13:59:59', 'dd/mm/yyyy hh24:mi:ss')),
  ('3340','AEROFOTOGRAMMETRIA',0.00,'3340','Aerofotogrammetria',to_timestamp('05/10/2019 14:00:00', 'dd/mm/yyyy hh24:mi:ss'),NULL),
  ('335','CCNL per le aziende della distribuzione moderna organizzata - FEDERDISTRIBUZIONE',0.00,'335','Commercio',to_timestamp('15/03/2019 14:00:00', 'dd/mm/yyyy hh24:mi:ss'),to_timestamp('05/10/2019 13:59:59', 'dd/mm/yyyy hh24:mi:ss')),
  ('336','CCNL per i dipendenti della piccola e media industria moda,chimica ceramica, decorazione piastrelle in terzo fuoco - CNA, CONFARTIGIANATO,CASARTIGIANI, CLAAI',0.00,'336','Ceramica e abrasivi',to_timestamp('15/03/2019 14:00:00', 'dd/mm/yyyy hh24:mi:ss'),to_timestamp('05/10/2019 13:59:59', 'dd/mm/yyyy hh24:mi:ss')),
  ('337','CCNL per i dipendenti del settore turismo e pubblici esercizi - FEDERDAT, AEPI, AR.CO.',0.00,'337','Turismo',to_timestamp('15/03/2019 14:00:00', 'dd/mm/yyyy hh24:mi:ss'),to_timestamp('05/10/2019 13:59:59', 'dd/mm/yyyy hh24:mi:ss')),
  ('338','CCNL per i lavoratori addetti alla piccola e media industria metalmeccanica ed alla installazione di impianti - FEDERDAT, AEPI, AR.CO.',0.00,'338','Metalmeccanica',to_timestamp('15/03/2019 14:00:00', 'dd/mm/yyyy hh24:mi:ss'),to_timestamp('05/10/2019 13:59:59', 'dd/mm/yyyy hh24:mi:ss')),
  ('3610','MARITTIMI - Naviglio Minore (151-500)',0.00,'3610','Marittimi',to_timestamp('05/10/2019 14:00:00', 'dd/mm/yyyy hh24:mi:ss'),NULL),
  ('3611','MARITTIMI - Navi sup.50TSL(TIRRENIA,...)',0.00,'3611','Marittimi',to_timestamp('05/10/2019 14:00:00', 'dd/mm/yyyy hh24:mi:ss'),NULL),
  ('3612','MARITTIMI - Navi sup.500TSL(TIRRENIA...)',0.00,'3612','Marittimi',to_timestamp('05/10/2019 14:00:00', 'dd/mm/yyyy hh24:mi:ss'),NULL),
  ('3613','MARITTIMI - Add.uff. (TIRRENIA,...)',0.00,'3613','Marittimi',to_timestamp('05/10/2019 14:00:00', 'dd/mm/yyyy hh24:mi:ss'),NULL),
  ('3614','MARITTIMI - Pers.nav. (CAREMAR...)',0.00,'3614','Marittimi',to_timestamp('05/10/2019 14:00:00', 'dd/mm/yyyy hh24:mi:ss'),NULL),
  ('3615','MARITTIMI - Pers.no-nav. (CAREMAR...)',0.00,'3615','Marittimi',to_timestamp('05/10/2019 14:00:00', 'dd/mm/yyyy hh24:mi:ss'),NULL),
  ('3616','MARITTIMI - Pers.Stato Magg.(CAREMAR...)',0.00,'3616','Marittimi',to_timestamp('05/10/2019 14:00:00', 'dd/mm/yyyy hh24:mi:ss'),NULL),
  ('3617','MARITTIMI - Personale navigante ALMARE',0.00,'3617','Marittimi',to_timestamp('05/10/2019 14:00:00', 'dd/mm/yyyy hh24:mi:ss'),NULL),
  ('3618','MARITTIMI - Pers.no-nav. (ALMARE)',0.00,'3618','Marittimi',to_timestamp('05/10/2019 14:00:00', 'dd/mm/yyyy hh24:mi:ss'),NULL),
  ('3619','MARITTIMI - Stato Magg. (TIRRENIA...)',0.00,'3619','Marittimi',to_timestamp('05/10/2019 14:00:00', 'dd/mm/yyyy hh24:mi:ss'),NULL),
  ('3620','MARITTIMI - Aliscafi e Natanti Veloci',0.00,'3620','Marittimi',to_timestamp('05/10/2019 14:00:00', 'dd/mm/yyyy hh24:mi:ss'),NULL),
  ('3621','MARITTIMI - Pers. navigante (FINMARE)',0.00,'3621','Marittimi',to_timestamp('05/10/2019 14:00:00', 'dd/mm/yyyy hh24:mi:ss'),NULL),
  ('3622','MARITTIMI - Aliscafi gest.priv.',0.00,'3622','Marittimi',to_timestamp('05/10/2019 14:00:00', 'dd/mm/yyyy hh24:mi:ss'),NULL),
  ('3623','MARITTIMI - Motonavi',0.00,'3623','Marittimi',to_timestamp('05/10/2019 14:00:00', 'dd/mm/yyyy hh24:mi:ss'),NULL),
  ('3640','AVIS - Dirigenti Amministrativi',0.00,'3640','Servizi sanitari',to_timestamp('05/10/2019 14:00:00', 'dd/mm/yyyy hh24:mi:ss'),NULL),
  ('3670','MARITTIMI - Nav.Princ.(7.500-30.000tdw)',0.00,'3670','Marittimi',to_timestamp('05/10/2019 14:00:00', 'dd/mm/yyyy hh24:mi:ss'),NULL),
  ('3700','MARITTIMI - Nav.Princ.(oltre 3.000 tsl)',0.00,'3700','Marittimi',to_timestamp('05/10/2019 14:00:00', 'dd/mm/yyyy hh24:mi:ss'),NULL),
  ('3710','MARITTIMI - Nav.Princ.(Sott. inf.18anni)',0.00,'3710','Marittimi',to_timestamp('05/10/2019 14:00:00', 'dd/mm/yyyy hh24:mi:ss'),NULL),
  ('3730','MARITTIMI - Nav.Princ.(Sott. 18-20anni)',0.00,'3730','Marittimi',to_timestamp('05/10/2019 14:00:00', 'dd/mm/yyyy hh24:mi:ss'),NULL),
  ('3760','MARITTIMI - Cap. lungo corso e chiamata',0.00,'3760','Marittimi',to_timestamp('05/10/2019 14:00:00', 'dd/mm/yyyy hh24:mi:ss'),NULL),
  ('3761','MARITTIMI - Uff.TIRRENIA no-reg.',0.00,'3761','Marittimi',to_timestamp('05/10/2019 14:00:00', 'dd/mm/yyyy hh24:mi:ss'),NULL),
  ('3762','MARITTIMI - Cap. lungo corso (FINMARE)',0.00,'3762','Marittimi',to_timestamp('05/10/2019 14:00:00', 'dd/mm/yyyy hh24:mi:ss'),NULL),
  ('3790','MARITTIMI - Naviglio Minore (501-1000)',0.00,'3790','Marittimi',to_timestamp('05/10/2019 14:00:00', 'dd/mm/yyyy hh24:mi:ss'),NULL),
  ('3800','MARITTIMI - Naviglio Minore (1001-1600)',0.00,'3800','Marittimi',to_timestamp('05/10/2019 14:00:00', 'dd/mm/yyyy hh24:mi:ss'),NULL),
  ('3820','MARITTIMI - Naviglio Minore (1601-3000)',0.00,'3820','Marittimi',to_timestamp('05/10/2019 14:00:00', 'dd/mm/yyyy hh24:mi:ss'),NULL),
  ('3850','MARITTIMI - Navi Crociera (Stato Magg.)',0.00,'3850','Marittimi',to_timestamp('05/10/2019 14:00:00', 'dd/mm/yyyy hh24:mi:ss'),NULL),
  ('3860','MARITTIMI - Navi Crociera (Sottouff.)',0.00,'3860','Marittimi',to_timestamp('05/10/2019 14:00:00', 'dd/mm/yyyy hh24:mi:ss'),NULL),
  ('3870','FARMACIE - Az. Municipalizzate',0.00,'3870','Commercio',to_timestamp('05/10/2019 14:00:00', 'dd/mm/yyyy hh24:mi:ss'),NULL),
  ('3880','VIGILANZA PRIVATA - Cooperative',0.00,'3880','Istituti - Consorzi vigilanza privata',to_timestamp('05/10/2019 14:00:00', 'dd/mm/yyyy hh24:mi:ss'),NULL),
  ('3900','MARITTIMI - Rimorchiatori',0.00,'3900','Marittimi',to_timestamp('05/10/2019 14:00:00', 'dd/mm/yyyy hh24:mi:ss'),NULL),
  ('3901','MARITTIMI - Rimorchiatori',0.00,'3901','Marittimi',to_timestamp('05/10/2019 14:00:00', 'dd/mm/yyyy hh24:mi:ss'),NULL),
  ('3930','GAS PETROLIO LIQUEFATTO',0.00,'3930','Gas e gas liquefatto',to_timestamp('05/10/2019 14:00:00', 'dd/mm/yyyy hh24:mi:ss'),NULL),
  ('3970','FIORI FRESCHI RECISI',0.00,'3970','Commercio',to_timestamp('05/10/2019 14:00:00', 'dd/mm/yyyy hh24:mi:ss'),NULL),
  ('3980','PULIZIA - Artigianato',0.00,'3980','Nettezza urbana Igiene ambientale',to_timestamp('05/10/2019 14:00:00', 'dd/mm/yyyy hh24:mi:ss'),NULL),
  ('3990','CINEMATOGRAFIA - Esercizi ( Multiplex )',0.00,'3990','Cinematografi e cinematografia',to_timestamp('05/10/2019 14:00:00', 'dd/mm/yyyy hh24:mi:ss'),NULL),
  ('400','CCNL per le micro piccole e medio imprese aziende del settore terziario, commercio e servizi, FEDERTERZIARIO, CONFIMEA, C.F.C., UGL TERZIARIO e UGL.',0.00,'400','Commercio',to_timestamp('15/03/2019 14:00:00', 'dd/mm/yyyy hh24:mi:ss'),to_timestamp('05/10/2019 13:59:59', 'dd/mm/yyyy hh24:mi:ss')),
/* 
    omissis 
*/
  ('PE5E','PUBBLICO IMPIEGO (Scuola ed Insegnamento)',0.00,'EP','Enti pubblici',to_timestamp('01/01/1800 00:00:00', 'dd/mm/yyyy hh24:mi:ss'),to_timestamp('05/10/2019 13:59:59', 'dd/mm/yyyy hh24:mi:ss')),
  ('PE6E','PUBBLICO IMPIEGO (Università e ricerca)',0.00,'EP','Enti pubblici',to_timestamp('01/01/1800 00:00:00', 'dd/mm/yyyy hh24:mi:ss'),to_timestamp('05/10/2019 13:59:59', 'dd/mm/yyyy hh24:mi:ss')),
  ('ZZZZ','Codifica non riconosciuta in SILAP_TRA',0.00,'CD',NULL,to_timestamp('01/01/1800 00:00:00', 'dd/mm/yyyy hh24:mi:ss'),to_timestamp('05/10/2019 13:59:59', 'dd/mm/yyyy hh24:mi:ss'));


insert into silap_d_provincia (id_silap_d_provincia, ds_silap_d_provincia, ds_sigla_provincia, d_inizio, d_fine)
values
  ('001', 'TORINO', 'TO', to_timestamp('1861-01-01 00:00:00', 'yyyy-mm-dd hh24:mi:ss'), null),
  ('002', 'VERCELLI', 'VC', to_timestamp('1861-01-01 00:00:00', 'yyyy-mm-dd hh24:mi:ss'), null),
  ('003', 'NOVARA', 'NO', to_timestamp('1861-01-01 00:00:00', 'yyyy-mm-dd hh24:mi:ss'), null),
  ('004', 'CUNEO', 'CN', to_timestamp('1861-01-01 00:00:00', 'yyyy-mm-dd hh24:mi:ss'), null),
  ('005', 'ASTI', 'AT', to_timestamp('1861-01-01 00:00:00', 'yyyy-mm-dd hh24:mi:ss'), null),
  ('006', 'ALESSANDRIA', 'AL', to_timestamp('1861-01-01 00:00:00', 'yyyy-mm-dd hh24:mi:ss'), null),
  ('007', 'AOSTA', 'AO', to_timestamp('1861-01-01 00:00:00', 'yyyy-mm-dd hh24:mi:ss'), null),
  ('008', 'IMPERIA', 'IM', to_timestamp('1861-01-01 00:00:00', 'yyyy-mm-dd hh24:mi:ss'), null),
  ('009', 'SAVONA', 'SV', to_timestamp('1861-01-01 00:00:00', 'yyyy-mm-dd hh24:mi:ss'), null),
  ('010', 'GENOVA', 'GE', to_timestamp('1861-01-01 00:00:00', 'yyyy-mm-dd hh24:mi:ss'), null),
  ('011', 'LA SPEZIA', 'SP', to_timestamp('1861-01-01 00:00:00', 'yyyy-mm-dd hh24:mi:ss'), null),
  ('012', 'VARESE', 'VA', to_timestamp('1861-01-01 00:00:00', 'yyyy-mm-dd hh24:mi:ss'), null),
  ('013', 'COMO', 'CO', to_timestamp('1861-01-01 00:00:00', 'yyyy-mm-dd hh24:mi:ss'), null),
  ('014', 'SONDRIO', 'SO', to_timestamp('1861-01-01 00:00:00', 'yyyy-mm-dd hh24:mi:ss'), null),
  ('015', 'MILANO', 'MI', to_timestamp('1861-01-01 00:00:00', 'yyyy-mm-dd hh24:mi:ss'), null),
  ('016', 'BERGAMO', 'BG', to_timestamp('1861-01-01 00:00:00', 'yyyy-mm-dd hh24:mi:ss'), null),
  ('017', 'BRESCIA', 'BS', to_timestamp('1861-01-01 00:00:00', 'yyyy-mm-dd hh24:mi:ss'), null),
  ('018', 'PAVIA', 'PV', to_timestamp('1861-01-01 00:00:00', 'yyyy-mm-dd hh24:mi:ss'), null),
  ('019', 'CREMONA', 'CR', to_timestamp('1861-01-01 00:00:00', 'yyyy-mm-dd hh24:mi:ss'), null),
  ('020', 'MANTOVA', 'MN', to_timestamp('1861-01-01 00:00:00', 'yyyy-mm-dd hh24:mi:ss'), null),
  ('021', 'BOLZANO-BOZEN', 'BZ', to_timestamp('1921-01-01 00:00:00', 'yyyy-mm-dd hh24:mi:ss'), null),
  ('022', 'TRENTO', 'TN', to_timestamp('1921-01-01 00:00:00', 'yyyy-mm-dd hh24:mi:ss'), null),
  ('023', 'VERONA', 'VR', to_timestamp('1871-01-01 00:00:00', 'yyyy-mm-dd hh24:mi:ss'), null),
  ('024', 'VICENZA', 'VI', to_timestamp('1871-01-01 00:00:00', 'yyyy-mm-dd hh24:mi:ss'), null),
  ('025', 'BELLUNO', 'BL', to_timestamp('1871-01-01 00:00:00', 'yyyy-mm-dd hh24:mi:ss'), null),
  ('026', 'TREVISO', 'TV', to_timestamp('1866-01-01 00:00:00', 'yyyy-mm-dd hh24:mi:ss'), null),
  ('027', 'VENEZIA', 'VE', to_timestamp('1866-01-01 00:00:00', 'yyyy-mm-dd hh24:mi:ss'), null),
  ('028', 'PADOVA', 'PD', to_timestamp('1866-01-01 00:00:00', 'yyyy-mm-dd hh24:mi:ss'), null),
  ('029', 'ROVIGO', 'RO', to_timestamp('1866-01-01 00:00:00', 'yyyy-mm-dd hh24:mi:ss'), null),
  ('030', 'UDINE', 'UD', to_timestamp('1866-01-01 00:00:00', 'yyyy-mm-dd hh24:mi:ss'), null),
  ('031', 'GORIZIA', 'GO', to_timestamp('1921-01-01 00:00:00', 'yyyy-mm-dd hh24:mi:ss'), null),
  ('032', 'TRIESTE', 'TS', to_timestamp('1921-01-01 00:00:00', 'yyyy-mm-dd hh24:mi:ss'), null),
  ('033', 'PIACENZA', 'PC', to_timestamp('1861-01-01 00:00:00', 'yyyy-mm-dd hh24:mi:ss'), null),
  ('034', 'PARMA', 'PR', to_timestamp('1861-01-01 00:00:00', 'yyyy-mm-dd hh24:mi:ss'), null),
  ('035', 'REGGIO EMILIA', 'RE', to_timestamp('1861-01-01 00:00:00', 'yyyy-mm-dd hh24:mi:ss'), null),
  ('036', 'MODENA', 'MO', to_timestamp('1861-01-01 00:00:00', 'yyyy-mm-dd hh24:mi:ss'), null),
  ('037', 'BOLOGNA', 'BO', to_timestamp('1861-01-01 00:00:00', 'yyyy-mm-dd hh24:mi:ss'), null),
  ('038', 'FERRARA', 'FE', to_timestamp('1861-01-01 00:00:00', 'yyyy-mm-dd hh24:mi:ss'), null),
  ('039', 'RAVENNA', 'RA', to_timestamp('1861-01-01 00:00:00', 'yyyy-mm-dd hh24:mi:ss'), null),
  ('040', 'FORLI'' E CESENA', 'FC', to_timestamp('1861-01-01 00:00:00', 'yyyy-mm-dd hh24:mi:ss'), null),
  ('041', 'PESARO E URBINO', 'PU', to_timestamp('1861-01-01 00:00:00', 'yyyy-mm-dd hh24:mi:ss'), null),
  ('042', 'ANCONA', 'AN', to_timestamp('1861-01-01 00:00:00', 'yyyy-mm-dd hh24:mi:ss'), null),
  ('043', 'MACERATA', 'MC', to_timestamp('1861-01-01 00:00:00', 'yyyy-mm-dd hh24:mi:ss'), null),
  ('044', 'ASCOLI PICENO', 'AP', to_timestamp('1861-01-01 00:00:00', 'yyyy-mm-dd hh24:mi:ss'), null),
  ('045', 'MASSA CARRARA', 'MS', to_timestamp('1861-01-01 00:00:00', 'yyyy-mm-dd hh24:mi:ss'), null),
  ('046', 'LUCCA', 'LU', to_timestamp('1861-01-01 00:00:00', 'yyyy-mm-dd hh24:mi:ss'), null),
  ('047', 'PISTOIA', 'PT', to_timestamp('1861-01-01 00:00:00', 'yyyy-mm-dd hh24:mi:ss'), null),
  ('048', 'FIRENZE', 'FI', to_timestamp('1861-01-01 00:00:00', 'yyyy-mm-dd hh24:mi:ss'), null),
  ('049', 'LIVORNO', 'LI', to_timestamp('1861-01-01 00:00:00', 'yyyy-mm-dd hh24:mi:ss'), null),
  ('050', 'PISA', 'PI', to_timestamp('1861-01-01 00:00:00', 'yyyy-mm-dd hh24:mi:ss'), null),
  ('051', 'AREZZO', 'AR', to_timestamp('1861-01-01 00:00:00', 'yyyy-mm-dd hh24:mi:ss'), null),
  ('052', 'SIENA', 'SI', to_timestamp('1861-01-01 00:00:00', 'yyyy-mm-dd hh24:mi:ss'), null),
  ('053', 'GROSSETO', 'GR', to_timestamp('1861-01-01 00:00:00', 'yyyy-mm-dd hh24:mi:ss'), null),
  ('054', 'PERUGIA', 'PG', to_timestamp('1861-01-01 00:00:00', 'yyyy-mm-dd hh24:mi:ss'), null),
  ('055', 'TERNI', 'TR', to_timestamp('1861-01-01 00:00:00', 'yyyy-mm-dd hh24:mi:ss'), null),
  ('056', 'VITERBO', 'VT', to_timestamp('1871-01-01 00:00:00', 'yyyy-mm-dd hh24:mi:ss'), null),
  ('057', 'RIETI', 'RI', to_timestamp('1861-01-01 00:00:00', 'yyyy-mm-dd hh24:mi:ss'), null),
  ('058', 'ROMA', 'RM', to_timestamp('1871-01-01 00:00:00', 'yyyy-mm-dd hh24:mi:ss'), null),
  ('059', 'LATINA', 'LT', to_timestamp('1861-01-01 00:00:00', 'yyyy-mm-dd hh24:mi:ss'), null),
  ('060', 'FROSINONE', 'FR', to_timestamp('1861-01-01 00:00:00', 'yyyy-mm-dd hh24:mi:ss'), null),
  ('061', 'CASERTA', 'CE', to_timestamp('1861-01-01 00:00:00', 'yyyy-mm-dd hh24:mi:ss'), null),
  ('062', 'BENEVENTO', 'BN', to_timestamp('1861-01-01 00:00:00', 'yyyy-mm-dd hh24:mi:ss'), null),
  ('063', 'NAPOLI', 'NA', to_timestamp('1861-01-01 00:00:00', 'yyyy-mm-dd hh24:mi:ss'), null),
  ('064', 'AVELLINO', 'AV', to_timestamp('1861-01-01 00:00:00', 'yyyy-mm-dd hh24:mi:ss'), null),
  ('065', 'SALERNO', 'SA', to_timestamp('1861-01-01 00:00:00', 'yyyy-mm-dd hh24:mi:ss'), null),
  ('066', 'L''AQUILA', 'AQ', to_timestamp('1861-01-01 00:00:00', 'yyyy-mm-dd hh24:mi:ss'), null),
  ('067', 'TERAMO', 'TE', to_timestamp('1861-01-01 00:00:00', 'yyyy-mm-dd hh24:mi:ss'), null),
  ('068', 'PESCARA', 'PE', to_timestamp('1861-01-01 00:00:00', 'yyyy-mm-dd hh24:mi:ss'), null),
  ('069', 'CHIETI', 'CH', to_timestamp('1861-01-01 00:00:00', 'yyyy-mm-dd hh24:mi:ss'), null),
  ('070', 'CAMPOBASSO', 'CB', to_timestamp('1861-01-01 00:00:00', 'yyyy-mm-dd hh24:mi:ss'), null),
  ('071', 'FOGGIA', 'FG', to_timestamp('1861-01-01 00:00:00', 'yyyy-mm-dd hh24:mi:ss'), null),
  ('072', 'BARI', 'BA', to_timestamp('1861-01-01 00:00:00', 'yyyy-mm-dd hh24:mi:ss'), null),
  ('073', 'TARANTO', 'TA', to_timestamp('1861-01-01 00:00:00', 'yyyy-mm-dd hh24:mi:ss'), null),
  ('074', 'BRINDISI', 'BR', to_timestamp('1861-01-01 00:00:00', 'yyyy-mm-dd hh24:mi:ss'), null),
  ('075', 'LECCE', 'LE', to_timestamp('1861-01-01 00:00:00', 'yyyy-mm-dd hh24:mi:ss'), null),
  ('076', 'POTENZA', 'PZ', to_timestamp('1861-01-01 00:00:00', 'yyyy-mm-dd hh24:mi:ss'), null),
  ('077', 'MATERA', 'MT', to_timestamp('1861-01-01 00:00:00', 'yyyy-mm-dd hh24:mi:ss'), null),
  ('078', 'COSENZA', 'CS', to_timestamp('1861-01-01 00:00:00', 'yyyy-mm-dd hh24:mi:ss'), null),
  ('079', 'CATANZARO', 'CZ', to_timestamp('1861-01-01 00:00:00', 'yyyy-mm-dd hh24:mi:ss'), null),
  ('080', 'REGGIO CALABRIA', 'RC', to_timestamp('1861-01-01 00:00:00', 'yyyy-mm-dd hh24:mi:ss'), null),
  ('081', 'TRAPANI', 'TP', to_timestamp('1861-01-01 00:00:00', 'yyyy-mm-dd hh24:mi:ss'), null),
  ('082', 'PALERMO', 'PA', to_timestamp('1861-01-01 00:00:00', 'yyyy-mm-dd hh24:mi:ss'), null),
  ('083', 'MESSINA', 'ME', to_timestamp('1861-01-01 00:00:00', 'yyyy-mm-dd hh24:mi:ss'), null),
  ('084', 'AGRIGENTO', 'AG', to_timestamp('1861-01-01 00:00:00', 'yyyy-mm-dd hh24:mi:ss'), null),
  ('085', 'CALTANISSETTA', 'CL', to_timestamp('1861-01-01 00:00:00', 'yyyy-mm-dd hh24:mi:ss'), null),
  ('086', 'ENNA', 'EN', to_timestamp('1861-01-01 00:00:00', 'yyyy-mm-dd hh24:mi:ss'), null),
  ('087', 'CATANIA', 'CT', to_timestamp('1861-01-01 00:00:00', 'yyyy-mm-dd hh24:mi:ss'), null),
  ('088', 'RAGUSA', 'RG', to_timestamp('1861-01-01 00:00:00', 'yyyy-mm-dd hh24:mi:ss'), null),
  ('089', 'SIRACUSA', 'SR', to_timestamp('1861-01-01 00:00:00', 'yyyy-mm-dd hh24:mi:ss'), null),
  ('090', 'SASSARI', 'SS', to_timestamp('1861-01-01 00:00:00', 'yyyy-mm-dd hh24:mi:ss'), null),
  ('091', 'NUORO', 'NU', to_timestamp('1861-01-01 00:00:00', 'yyyy-mm-dd hh24:mi:ss'), null),
  ('092', 'CAGLIARI', 'CA', to_timestamp('1861-01-01 00:00:00', 'yyyy-mm-dd hh24:mi:ss'), null),
  ('093', 'PORDENONE', 'PN', to_timestamp('1871-01-01 00:00:00', 'yyyy-mm-dd hh24:mi:ss'), null),
  ('094', 'ISERNIA', 'IS', to_timestamp('1861-01-01 00:00:00', 'yyyy-mm-dd hh24:mi:ss'), null),
  ('095', 'ORISTANO', 'OR', to_timestamp('1861-01-01 00:00:00', 'yyyy-mm-dd hh24:mi:ss'), null),
  ('096', 'BIELLA', 'BI', to_timestamp('1992-04-16 00:00:00', 'yyyy-mm-dd hh24:mi:ss'), null),
  ('097', 'LECCO', 'LC', to_timestamp('1992-04-16 00:00:00', 'yyyy-mm-dd hh24:mi:ss'), null),
  ('098', 'LODI', 'LO', to_timestamp('1992-04-16 00:00:00', 'yyyy-mm-dd hh24:mi:ss'), null),
  ('099', 'RIMINI', 'RN', to_timestamp('1992-04-16 00:00:00', 'yyyy-mm-dd hh24:mi:ss'), null),
  ('100', 'PRATO', 'PO', to_timestamp('1992-04-16 00:00:00', 'yyyy-mm-dd hh24:mi:ss'), null),
  ('101', 'CROTONE', 'KR', to_timestamp('1992-04-16 00:00:00', 'yyyy-mm-dd hh24:mi:ss'), null),
  ('102', 'VIBO VALENTIA', 'VV', to_timestamp('1992-04-16 00:00:00', 'yyyy-mm-dd hh24:mi:ss'), null),
  ('103', 'VERBANO CUSIO OSSOLA', 'VB', to_timestamp('1992-05-23 00:00:00', 'yyyy-mm-dd hh24:mi:ss'), null),
  ('104', 'OLBIA-TEMPIO', 'OT', to_timestamp('1999-01-01 00:00:00', 'yyyy-mm-dd hh24:mi:ss'), to_timestamp('2018-06-08 23:59:59', 'yyyy-mm-dd hh24:mi:ss')),
  ('105', 'OGLIASTRA', 'OG', to_timestamp('2006-01-02 00:00:00', 'yyyy-mm-dd hh24:mi:ss'), to_timestamp('2018-06-08 23:59:59', 'yyyy-mm-dd hh24:mi:ss')),
  ('106', 'MEDIO CAMPIDANO', 'VS', to_timestamp('2006-01-02 00:00:00', 'yyyy-mm-dd hh24:mi:ss'), to_timestamp('2018-06-08 23:59:59', 'yyyy-mm-dd hh24:mi:ss')),
  ('107', 'CARBONIA-IGLESIAS', 'CI', to_timestamp('2006-01-02 00:00:00', 'yyyy-mm-dd hh24:mi:ss'), to_timestamp('2018-06-08 23:59:59', 'yyyy-mm-dd hh24:mi:ss')),
  ('108', 'MONZA E BRIANZA', 'MB', to_timestamp('2010-03-31 00:00:00', 'yyyy-mm-dd hh24:mi:ss'), null),
  ('109', 'FERMO', 'FM', to_timestamp('2010-03-31 00:00:00', 'yyyy-mm-dd hh24:mi:ss'), null),
  ('110', 'BARLETTA-ANDRIA-TRANI', 'BT', to_timestamp('2010-03-31 00:00:00', 'yyyy-mm-dd hh24:mi:ss'), null),
  ('111', 'SUD SARDEGNA', 'SU', to_timestamp('2018-06-09 00:00:00', 'yyyy-mm-dd hh24:mi:ss'), null),
  ('701', 'FIUME', 'FM', to_timestamp('1921-01-01 00:00:00', 'yyyy-mm-dd hh24:mi:ss'), to_timestamp('1950-12-31 00:00:00', 'yyyy-mm-dd hh24:mi:ss')),
  ('702', 'POLA', 'PL', to_timestamp('1921-01-01 00:00:00', 'yyyy-mm-dd hh24:mi:ss'), to_timestamp('1950-12-31 00:00:00', 'yyyy-mm-dd hh24:mi:ss')),
  ('703', 'ZARA', 'ZA', to_timestamp('1921-01-01 00:00:00', 'yyyy-mm-dd hh24:mi:ss'), to_timestamp('1950-12-31 00:00:00', 'yyyy-mm-dd hh24:mi:ss'));


insert into silap_d_comune (id_silap_d_comune, ds_silap_d_comune, id_silap_d_provincia, d_inizio, d_fine)
values 
  ('A003', 'ABBADIA ALPINA', '001', to_timestamp('1900-01-02 00:00:00', 'yyyy-mm-dd hh24:mi:ss'), to_timestamp('2000-01-01 00:00:00', 'yyyy-mm-dd hh24:mi:ss')),
  ('A074', 'AGLIE''', '001', to_timestamp('1900-01-02 00:00:00', 'yyyy-mm-dd hh24:mi:ss'), null),
  ('A109', 'AIRASCA', '001', to_timestamp('1900-01-02 00:00:00', 'yyyy-mm-dd hh24:mi:ss'), null),
  ('A117', 'ALA DI STURA', '001', to_timestamp('1900-01-02 00:00:00', 'yyyy-mm-dd hh24:mi:ss'), null),
  ('A157', 'ALBIANO D''IVREA', '001', to_timestamp('1900-01-02 00:00:00', 'yyyy-mm-dd hh24:mi:ss'), null),
  ('A199', 'ALICE SUPERIORE', '001', to_timestamp('1900-01-02 00:00:00', 'yyyy-mm-dd hh24:mi:ss'), to_timestamp('2019-03-13 11:59:59', 'yyyy-mm-dd hh24:mi:ss')),
  ('A218', 'ALMESE', '001', to_timestamp('1900-01-02 00:00:00', 'yyyy-mm-dd hh24:mi:ss'), null),
  ('A221', 'ALPETTE', '001', to_timestamp('1900-01-02 00:00:00', 'yyyy-mm-dd hh24:mi:ss'), null),
  ('A222', 'ALPIGNANO', '001', to_timestamp('1900-01-02 00:00:00', 'yyyy-mm-dd hh24:mi:ss'), null),
  ('A275', 'ANDEZENO', '001', to_timestamp('1900-01-02 00:00:00', 'yyyy-mm-dd hh24:mi:ss'), null),
  ('A282', 'ANDRATE', '001', to_timestamp('1900-01-02 00:00:00', 'yyyy-mm-dd hh24:mi:ss'), null),
  ('A295', 'ANGROGNA', '001', to_timestamp('1900-01-02 00:00:00', 'yyyy-mm-dd hh24:mi:ss'), null),
  ('A405', 'ARIGNANO', '001', to_timestamp('1900-01-02 00:00:00', 'yyyy-mm-dd hh24:mi:ss'), null),
  ('A518', 'AVIGLIANA', '001', to_timestamp('1900-01-02 00:00:00', 'yyyy-mm-dd hh24:mi:ss'), null),
  ('A524', 'AVUGLIONE E VERNONE', '001', to_timestamp('1900-01-02 00:00:00', 'yyyy-mm-dd hh24:mi:ss'), to_timestamp('2000-01-01 00:00:00', 'yyyy-mm-dd hh24:mi:ss')),
  ('A525', 'AZEGLIO', '001', to_timestamp('1900-01-02 00:00:00', 'yyyy-mm-dd hh24:mi:ss'), null),
  ('A583', 'BAIO DORA', '001', to_timestamp('1900-01-02 00:00:00', 'yyyy-mm-dd hh24:mi:ss'), to_timestamp('2000-01-01 00:00:00', 'yyyy-mm-dd hh24:mi:ss')),
  ('A584', 'BAIRO', '001', to_timestamp('1900-01-02 00:00:00', 'yyyy-mm-dd hh24:mi:ss'), null),
  ('A587', 'BALANGERO', '001', to_timestamp('1900-01-02 00:00:00', 'yyyy-mm-dd hh24:mi:ss'), null),
  ('A590', 'BALDISSERO CANAVESE', '001', to_timestamp('1900-01-02 00:00:00', 'yyyy-mm-dd hh24:mi:ss'), null),
  ('A591', 'BALDISSERO TORINESE', '001', to_timestamp('1900-01-02 00:00:00', 'yyyy-mm-dd hh24:mi:ss'), null),
  ('A599', 'BALME', '001', to_timestamp('1900-01-02 00:00:00', 'yyyy-mm-dd hh24:mi:ss'), null),
  ('A607', 'BANCHETTE', '001', to_timestamp('1900-01-02 00:00:00', 'yyyy-mm-dd hh24:mi:ss'), null),
  ('A622', 'BARATONIA', '001', to_timestamp('1900-01-02 00:00:00', 'yyyy-mm-dd hh24:mi:ss'), to_timestamp('2000-01-01 00:00:00', 'yyyy-mm-dd hh24:mi:ss')),
  ('A625', 'BARBANIA', '001', to_timestamp('1900-01-02 00:00:00', 'yyyy-mm-dd hh24:mi:ss'), null),
  ('A644', 'BARDASSANO', '001', to_timestamp('1900-01-02 00:00:00', 'yyyy-mm-dd hh24:mi:ss'), to_timestamp('2000-01-01 00:00:00', 'yyyy-mm-dd hh24:mi:ss')),
  ('A651', 'BARDONECCHIA', '001', to_timestamp('1900-01-02 00:00:00', 'yyyy-mm-dd hh24:mi:ss'), null),
  ('A673', 'BARONE CANAVESE', '001', to_timestamp('1900-01-02 00:00:00', 'yyyy-mm-dd hh24:mi:ss'), null),
  ('A727', 'BEAULARD', '001', to_timestamp('1900-01-02 00:00:00', 'yyyy-mm-dd hh24:mi:ss'), to_timestamp('2000-01-01 00:00:00', 'yyyy-mm-dd hh24:mi:ss')),
  ('A734', 'BEINASCO', '001', to_timestamp('1900-01-02 00:00:00', 'yyyy-mm-dd hh24:mi:ss'), null),
  ('A853', 'BIBIANA', '001', to_timestamp('1900-01-02 00:00:00', 'yyyy-mm-dd hh24:mi:ss'), null),
  ('A910', 'BOBBIO PELLICE', '001', to_timestamp('1900-01-02 00:00:00', 'yyyy-mm-dd hh24:mi:ss'), null),
  ('A941', 'BOLLENGO', '001', to_timestamp('1900-01-02 00:00:00', 'yyyy-mm-dd hh24:mi:ss'), null),
  ('A980', 'BONZO', '001', to_timestamp('1900-01-02 00:00:00', 'yyyy-mm-dd hh24:mi:ss'), to_timestamp('2000-01-01 00:00:00', 'yyyy-mm-dd hh24:mi:ss')),
  ('A990', 'BORGARO TORINESE', '001', to_timestamp('1900-01-02 00:00:00', 'yyyy-mm-dd hh24:mi:ss'), null),
  ('B003', 'BORGIALLO', '001', to_timestamp('1900-01-02 00:00:00', 'yyyy-mm-dd hh24:mi:ss'), null),
  ('B015', 'BORGOFRANCO D''IVREA', '001', to_timestamp('1900-01-02 00:00:00', 'yyyy-mm-dd hh24:mi:ss'), null),
  ('B021', 'BORGOMASINO', '001', to_timestamp('1900-01-02 00:00:00', 'yyyy-mm-dd hh24:mi:ss'), null),
  ('B024', 'BORGONE SUSA', '001', to_timestamp('1900-01-02 00:00:00', 'yyyy-mm-dd hh24:mi:ss'), null),
  ('B075', 'BOSCONERO', '001', to_timestamp('1900-01-02 00:00:00', 'yyyy-mm-dd hh24:mi:ss'), null),
  ('B096', 'BOUSSON', '001', to_timestamp('1900-01-02 00:00:00', 'yyyy-mm-dd hh24:mi:ss'), to_timestamp('2000-01-01 00:00:00', 'yyyy-mm-dd hh24:mi:ss')),
  ('B103', 'BOVILE', '001', to_timestamp('1900-01-02 00:00:00', 'yyyy-mm-dd hh24:mi:ss'), to_timestamp('2000-01-01 00:00:00', 'yyyy-mm-dd hh24:mi:ss')),
  ('B121', 'BRANDIZZO', '001', to_timestamp('1900-01-02 00:00:00', 'yyyy-mm-dd hh24:mi:ss'), null),
  ('B171', 'BRICHERASIO', '001', to_timestamp('1900-01-02 00:00:00', 'yyyy-mm-dd hh24:mi:ss'), null),
  ('B205', 'BROSSO', '001', to_timestamp('1900-01-02 00:00:00', 'yyyy-mm-dd hh24:mi:ss'), null),
  ('B209', 'BROZOLO', '001', to_timestamp('1900-01-02 00:00:00', 'yyyy-mm-dd hh24:mi:ss'), null),
  ('B216', 'BRUINO', '001', to_timestamp('1900-01-02 00:00:00', 'yyyy-mm-dd hh24:mi:ss'), null),
  ('B225', 'BRUSASCO', '001', to_timestamp('1900-01-02 00:00:00', 'yyyy-mm-dd hh24:mi:ss'), null),
  ('B226', 'BRUSASCO CAVAGNOLO', '001', to_timestamp('1900-01-02 00:00:00', 'yyyy-mm-dd hh24:mi:ss'), to_timestamp('2000-01-01 00:00:00', 'yyyy-mm-dd hh24:mi:ss')),
  ('B232', 'BRUZOLO', '001', to_timestamp('1900-01-02 00:00:00', 'yyyy-mm-dd hh24:mi:ss'), null),
  ('B278', 'BURIASCO', '001', to_timestamp('1900-01-02 00:00:00', 'yyyy-mm-dd hh24:mi:ss'), null),
  ('B279', 'BUROLO', '001', to_timestamp('1900-01-02 00:00:00', 'yyyy-mm-dd hh24:mi:ss'), null),
  ('B284', 'BUSANO', '001', to_timestamp('1900-01-02 00:00:00', 'yyyy-mm-dd hh24:mi:ss'), null),
  ('B297', 'BUSSOLENO', '001', to_timestamp('1900-01-02 00:00:00', 'yyyy-mm-dd hh24:mi:ss'), null),
  ('B298', 'BUSSOLINO GASSINESE', '001', to_timestamp('1900-01-02 00:00:00', 'yyyy-mm-dd hh24:mi:ss'), to_timestamp('2000-01-01 00:00:00', 'yyyy-mm-dd hh24:mi:ss')),
  ('B305', 'BUTTIGLIERA ALTA', '001', to_timestamp('1900-01-02 00:00:00', 'yyyy-mm-dd hh24:mi:ss'), null),
  ('B350', 'CAFASSE', '001', to_timestamp('1900-01-02 00:00:00', 'yyyy-mm-dd hh24:mi:ss'), null),
  ('B435', 'CALUSO', '001', to_timestamp('1900-01-02 00:00:00', 'yyyy-mm-dd hh24:mi:ss'), null),
  ('B454', 'CAMAGNA DI TORINO', '001', to_timestamp('1900-01-02 00:00:00', 'yyyy-mm-dd hh24:mi:ss'), to_timestamp('2000-01-01 00:00:00', 'yyyy-mm-dd hh24:mi:ss')),
  ('B462', 'CAMBIANO', '001', to_timestamp('1900-01-02 00:00:00', 'yyyy-mm-dd hh24:mi:ss'), null),
  ('B510', 'VALPRATO SOANA', '001', to_timestamp('1900-01-02 00:00:00', 'yyyy-mm-dd hh24:mi:ss'), null),
  ('B512', 'CAMPIGLIONE FENILE', '001', to_timestamp('1900-01-02 00:00:00', 'yyyy-mm-dd hh24:mi:ss'), null),
  ('B517', 'CAMPO CANAVESE', '001', to_timestamp('1900-01-02 00:00:00', 'yyyy-mm-dd hh24:mi:ss'), to_timestamp('2000-01-01 00:00:00', 'yyyy-mm-dd hh24:mi:ss')),
  ('B588', 'CANDIA CANAVESE', '001', to_timestamp('1900-01-02 00:00:00', 'yyyy-mm-dd hh24:mi:ss'), null),
  ('B592', 'CANDIOLO', '001', to_timestamp('1900-01-02 00:00:00', 'yyyy-mm-dd hh24:mi:ss'), null),
  ('B605', 'CANISCHIO', '001', to_timestamp('1900-01-02 00:00:00', 'yyyy-mm-dd hh24:mi:ss'), null),
  ('B628', 'CANTALUPA', '001', to_timestamp('1900-01-02 00:00:00', 'yyyy-mm-dd hh24:mi:ss'), null),
  ('B637', 'CANTOIRA', '001', to_timestamp('1900-01-02 00:00:00', 'yyyy-mm-dd hh24:mi:ss'), null),
  ('B705', 'CAPRIE', '001', to_timestamp('1900-01-02 00:00:00', 'yyyy-mm-dd hh24:mi:ss'), null),
  ('B733', 'CARAVINO', '001', to_timestamp('1900-01-02 00:00:00', 'yyyy-mm-dd hh24:mi:ss'), null),
  ('B762', 'CAREMA', '001', to_timestamp('1900-01-02 00:00:00', 'yyyy-mm-dd hh24:mi:ss'), null),
  ('B777', 'CARIGNANO', '001', to_timestamp('1900-01-02 00:00:00', 'yyyy-mm-dd hh24:mi:ss'), null),
  ('B791', 'CARMAGNOLA', '001', to_timestamp('1900-01-02 00:00:00', 'yyyy-mm-dd hh24:mi:ss'), null),
  ('B867', 'CASALBORGONE', '001', to_timestamp('1900-01-02 00:00:00', 'yyyy-mm-dd hh24:mi:ss'), null),
  ('B953', 'CASCINETTE D''IVREA', '001', to_timestamp('1900-01-02 00:00:00', 'yyyy-mm-dd hh24:mi:ss'), null),
  ('B955', 'CASELETTE', '001', to_timestamp('1900-01-02 00:00:00', 'yyyy-mm-dd hh24:mi:ss'), null),
  ('B960', 'CASELLE TORINESE', '001', to_timestamp('1900-01-02 00:00:00', 'yyyy-mm-dd hh24:mi:ss'), null),
  ('C045', 'CASTAGNETO PO', '001', to_timestamp('1900-01-02 00:00:00', 'yyyy-mm-dd hh24:mi:ss'), null),
  ('C048', 'CASTAGNOLE PIEMONTE', '001', to_timestamp('1900-01-02 00:00:00', 'yyyy-mm-dd hh24:mi:ss'), null),
  ('C133', 'CASTELLAMONTE', '001', to_timestamp('1900-01-02 00:00:00', 'yyyy-mm-dd hh24:mi:ss'), null),
  ('C241', 'CASTELNUOVO NIGRA', '001', to_timestamp('1900-01-02 00:00:00', 'yyyy-mm-dd hh24:mi:ss'), null),
  ('C307', 'CASTIGLIONE TORINESE', '001', to_timestamp('1900-01-02 00:00:00', 'yyyy-mm-dd hh24:mi:ss'), null),
  ('C369', 'CAVAGNOLO', '001', to_timestamp('1900-01-02 00:00:00', 'yyyy-mm-dd hh24:mi:ss'), null),
  ('C403', 'CAVORETTO', '001', to_timestamp('1900-01-02 00:00:00', 'yyyy-mm-dd hh24:mi:ss'), to_timestamp('2000-01-01 00:00:00', 'yyyy-mm-dd hh24:mi:ss')),
  ('C404', 'CAVOUR', '001', to_timestamp('1900-01-02 00:00:00', 'yyyy-mm-dd hh24:mi:ss'), null),
  ('C487', 'CERCENASCO', '001', to_timestamp('1900-01-02 00:00:00', 'yyyy-mm-dd hh24:mi:ss'), null),
  ('C497', 'CERES', '001', to_timestamp('1900-01-02 00:00:00', 'yyyy-mm-dd hh24:mi:ss'), null),
  ('C505', 'CERESOLE REALE', '001', to_timestamp('1900-01-02 00:00:00', 'yyyy-mm-dd hh24:mi:ss'), null),
  ('C564', 'CESANA TORINESE', '001', to_timestamp('1900-01-02 00:00:00', 'yyyy-mm-dd hh24:mi:ss'), null),
  ('C579', 'CESNOLA', '001', to_timestamp('1900-01-02 00:00:00', 'yyyy-mm-dd hh24:mi:ss'), to_timestamp('2000-01-01 00:00:00', 'yyyy-mm-dd hh24:mi:ss')),
  ('C597', 'CHAMPLAS DU COL', '001', to_timestamp('1900-01-02 00:00:00', 'yyyy-mm-dd hh24:mi:ss'), to_timestamp('2000-01-01 00:00:00', 'yyyy-mm-dd hh24:mi:ss')),
  ('C602', 'CHIABRANO', '001', to_timestamp('1900-01-02 00:00:00', 'yyyy-mm-dd hh24:mi:ss'), to_timestamp('2000-01-01 00:00:00', 'yyyy-mm-dd hh24:mi:ss')),
  ('C604', 'CHIALAMBERTO', '001', to_timestamp('1900-01-02 00:00:00', 'yyyy-mm-dd hh24:mi:ss'), null),
  ('C610', 'CHIANOCCO', '001', to_timestamp('1900-01-02 00:00:00', 'yyyy-mm-dd hh24:mi:ss'), null),
  ('C624', 'CHIAVERANO', '001', to_timestamp('1900-01-02 00:00:00', 'yyyy-mm-dd hh24:mi:ss'), null),
  ('C627', 'CHIERI', '001', to_timestamp('1900-01-02 00:00:00', 'yyyy-mm-dd hh24:mi:ss'), null),
  ('C629', 'CHIESANUOVA', '001', to_timestamp('1900-01-02 00:00:00', 'yyyy-mm-dd hh24:mi:ss'), null),
  ('C639', 'CHIOMONTE', '001', to_timestamp('1900-01-02 00:00:00', 'yyyy-mm-dd hh24:mi:ss'), null),
  ('C655', 'CHIUSA DI SAN MICHELE', '001', to_timestamp('1900-01-02 00:00:00', 'yyyy-mm-dd hh24:mi:ss'), null),
  ('C665', 'CHIVASSO', '001', to_timestamp('1900-01-02 00:00:00', 'yyyy-mm-dd hh24:mi:ss'), null),
  ('C679', 'CICONIO', '001', to_timestamp('1900-01-02 00:00:00', 'yyyy-mm-dd hh24:mi:ss'), null),
  ('C711', 'CINTANO', '001', to_timestamp('1900-01-02 00:00:00', 'yyyy-mm-dd hh24:mi:ss'), null),
  ('C715', 'CINZANO', '001', to_timestamp('1900-01-02 00:00:00', 'yyyy-mm-dd hh24:mi:ss'), null),
  ('C722', 'CIRIE''', '001', to_timestamp('1900-01-02 00:00:00', 'yyyy-mm-dd hh24:mi:ss'), null),
  ('C793', 'CLAVIERE', '001', to_timestamp('1900-01-02 00:00:00', 'yyyy-mm-dd hh24:mi:ss'), null),
  ('C801', 'COASSOLO TORINESE', '001', to_timestamp('1900-01-02 00:00:00', 'yyyy-mm-dd hh24:mi:ss'), null),
  ('C803', 'COAZZE', '001', to_timestamp('1900-01-02 00:00:00', 'yyyy-mm-dd hh24:mi:ss'), null),
  ('C860', 'COLLEGNO', '001', to_timestamp('1900-01-02 00:00:00', 'yyyy-mm-dd hh24:mi:ss'), null),
  ('C867', 'COLLERETTO CASTELNUOVO', '001', to_timestamp('1900-01-02 00:00:00', 'yyyy-mm-dd hh24:mi:ss'), null),
  ('C868', 'COLLERETTO GIACOSA', '001', to_timestamp('1900-01-02 00:00:00', 'yyyy-mm-dd hh24:mi:ss'), null),
  ('C906', 'COL SAN GIOVANNI', '001', to_timestamp('1900-01-02 00:00:00', 'yyyy-mm-dd hh24:mi:ss'), to_timestamp('2000-01-01 00:00:00', 'yyyy-mm-dd hh24:mi:ss')),
  ('C955', 'CONDOVE', '001', to_timestamp('1900-01-02 00:00:00', 'yyyy-mm-dd hh24:mi:ss'), null),
  ('D008', 'CORIO', '001', to_timestamp('1900-01-02 00:00:00', 'yyyy-mm-dd hh24:mi:ss'), null),
  ('D092', 'COSSANO CANAVESE', '001', to_timestamp('1900-01-02 00:00:00', 'yyyy-mm-dd hh24:mi:ss'), null),
  ('D197', 'CUCEGLIO', '001', to_timestamp('1900-01-02 00:00:00', 'yyyy-mm-dd hh24:mi:ss'), null),
  ('D202', 'CUMIANA', '001', to_timestamp('1900-01-02 00:00:00', 'yyyy-mm-dd hh24:mi:ss'), null),
  ('D208', 'CUORGNE''', '001', to_timestamp('1900-01-02 00:00:00', 'yyyy-mm-dd hh24:mi:ss'), null),
  ('D285', 'DESERTES', '001', to_timestamp('1900-01-02 00:00:00', 'yyyy-mm-dd hh24:mi:ss'), to_timestamp('2000-01-01 00:00:00', 'yyyy-mm-dd hh24:mi:ss')),
  ('D373', 'DRUENTO', '001', to_timestamp('1900-01-02 00:00:00', 'yyyy-mm-dd hh24:mi:ss'), null),
  ('D433', 'EXILLES', '001', to_timestamp('1900-01-02 00:00:00', 'yyyy-mm-dd hh24:mi:ss'), null),
  ('D460', 'FAETTO', '001', to_timestamp('1900-01-02 00:00:00', 'yyyy-mm-dd hh24:mi:ss'), to_timestamp('2000-01-01 00:00:00', 'yyyy-mm-dd hh24:mi:ss')),
  ('D520', 'FAVRIA', '001', to_timestamp('1900-01-02 00:00:00', 'yyyy-mm-dd hh24:mi:ss'), null),
  ('D521', 'FAVRIA-OGLIANICO', '001', to_timestamp('1900-01-02 00:00:00', 'yyyy-mm-dd hh24:mi:ss'), to_timestamp('2000-01-01 00:00:00', 'yyyy-mm-dd hh24:mi:ss')),
  ('D524', 'FELETTO', '001', to_timestamp('1900-01-02 00:00:00', 'yyyy-mm-dd hh24:mi:ss'), null),
  ('D532', 'FENESTRELLE', '001', to_timestamp('1900-01-02 00:00:00', 'yyyy-mm-dd hh24:mi:ss'), null),
  ('D535', 'FENILE', '001', to_timestamp('1900-01-02 00:00:00', 'yyyy-mm-dd hh24:mi:ss'), to_timestamp('2000-01-01 00:00:00', 'yyyy-mm-dd hh24:mi:ss')),
  ('D536', 'FENILS', '001', to_timestamp('1900-01-02 00:00:00', 'yyyy-mm-dd hh24:mi:ss'), to_timestamp('2000-01-01 00:00:00', 'yyyy-mm-dd hh24:mi:ss')),
  ('D553', 'MONCENISIO', '001', to_timestamp('1900-01-02 00:00:00', 'yyyy-mm-dd hh24:mi:ss'), null),
  ('D562', 'FIANO', '001', to_timestamp('1900-01-02 00:00:00', 'yyyy-mm-dd hh24:mi:ss'), null),
  ('D608', 'FIORANO CANAVESE', '001', to_timestamp('1900-01-02 00:00:00', 'yyyy-mm-dd hh24:mi:ss'), null),
  ('D646', 'FOGLIZZO', '001', to_timestamp('1900-01-02 00:00:00', 'yyyy-mm-dd hh24:mi:ss'), null),
  ('D699', 'FORESTO DI SUSA', '001', to_timestamp('1900-01-02 00:00:00', 'yyyy-mm-dd hh24:mi:ss'), to_timestamp('2000-01-01 00:00:00', 'yyyy-mm-dd hh24:mi:ss')),
  ('D724', 'FORNO ALPI GRAIE', '001', to_timestamp('1900-01-02 00:00:00', 'yyyy-mm-dd hh24:mi:ss'), to_timestamp('2000-01-01 00:00:00', 'yyyy-mm-dd hh24:mi:ss')),
  ('D725', 'FORNO CANAVESE', '001', to_timestamp('1900-01-02 00:00:00', 'yyyy-mm-dd hh24:mi:ss'), null),
  ('D779', 'FRASSINERE', '001', to_timestamp('1900-01-02 00:00:00', 'yyyy-mm-dd hh24:mi:ss'), to_timestamp('2000-01-01 00:00:00', 'yyyy-mm-dd hh24:mi:ss')),
  ('D781', 'FRASSINETTO', '001', to_timestamp('1900-01-02 00:00:00', 'yyyy-mm-dd hh24:mi:ss'), null),
  ('D805', 'FRONT', '001', to_timestamp('1900-01-02 00:00:00', 'yyyy-mm-dd hh24:mi:ss'), null),
  ('D812', 'FROSSASCO', '001', to_timestamp('1900-01-02 00:00:00', 'yyyy-mm-dd hh24:mi:ss'), null),
  ('D931', 'GARZIGLIANA', '001', to_timestamp('1900-01-02 00:00:00', 'yyyy-mm-dd hh24:mi:ss'), null),
  ('D933', 'GASSINO TORINESE', '001', to_timestamp('1900-01-02 00:00:00', 'yyyy-mm-dd hh24:mi:ss'), null),
  ('D983', 'GERMAGNANO', '001', to_timestamp('1900-01-02 00:00:00', 'yyyy-mm-dd hh24:mi:ss'), null),
  ('E009', 'GIAGLIONE', '001', to_timestamp('1900-01-02 00:00:00', 'yyyy-mm-dd hh24:mi:ss'), null),
  ('E020', 'GIAVENO', '001', to_timestamp('1900-01-02 00:00:00', 'yyyy-mm-dd hh24:mi:ss'), null),
  ('E067', 'GIVOLETTO', '001', to_timestamp('1900-01-02 00:00:00', 'yyyy-mm-dd hh24:mi:ss'), null),
  ('E154', 'GRAVERE', '001', to_timestamp('1900-01-02 00:00:00', 'yyyy-mm-dd hh24:mi:ss'), null),
  ('E199', 'GROSCAVALLO', '001', to_timestamp('1900-01-02 00:00:00', 'yyyy-mm-dd hh24:mi:ss'), null),
  ('E203', 'GROSSO', '001', to_timestamp('1900-01-02 00:00:00', 'yyyy-mm-dd hh24:mi:ss'), null),
  ('E216', 'GRUGLIASCO', '001', to_timestamp('1900-01-02 00:00:00', 'yyyy-mm-dd hh24:mi:ss'), null),
  ('E301', 'INGRIA', '001', to_timestamp('1900-01-02 00:00:00', 'yyyy-mm-dd hh24:mi:ss'), null),
  ('E311', 'INVERSO PINASCA', '001', to_timestamp('1900-01-02 00:00:00', 'yyyy-mm-dd hh24:mi:ss'), null),
  ('E312', 'INVERSO PORTE', '001', to_timestamp('1900-01-02 00:00:00', 'yyyy-mm-dd hh24:mi:ss'), to_timestamp('2000-01-01 00:00:00', 'yyyy-mm-dd hh24:mi:ss')),
  ('E345', 'ISOLABELLA', '001', to_timestamp('1900-01-02 00:00:00', 'yyyy-mm-dd hh24:mi:ss'), null),
  ('E368', 'ISSIGLIO', '001', to_timestamp('1900-01-02 00:00:00', 'yyyy-mm-dd hh24:mi:ss'), null),
  ('E379', 'IVREA', '001', to_timestamp('1900-01-02 00:00:00', 'yyyy-mm-dd hh24:mi:ss'), null),
  ('E394', 'LA CASSA', '001', to_timestamp('1900-01-02 00:00:00', 'yyyy-mm-dd hh24:mi:ss'), null),
  ('E423', 'LA LOGGIA', '001', to_timestamp('1900-01-02 00:00:00', 'yyyy-mm-dd hh24:mi:ss'), null),
  ('E445', 'LANZO TORINESE', '001', to_timestamp('1900-01-02 00:00:00', 'yyyy-mm-dd hh24:mi:ss'), null),
  ('E484', 'LAURIANO', '001', to_timestamp('1900-01-02 00:00:00', 'yyyy-mm-dd hh24:mi:ss'), null),
  ('E518', 'LEINI', '001', to_timestamp('1900-01-02 00:00:00', 'yyyy-mm-dd hh24:mi:ss'), null),
  ('E520', 'LEMIE', '001', to_timestamp('1900-01-02 00:00:00', 'yyyy-mm-dd hh24:mi:ss'), null),
  ('E551', 'LESSOLO', '001', to_timestamp('1900-01-02 00:00:00', 'yyyy-mm-dd hh24:mi:ss'), null),
  ('E566', 'LEVONE', '001', to_timestamp('1900-01-02 00:00:00', 'yyyy-mm-dd hh24:mi:ss'), null),
  ('E635', 'LOCANA', '001', to_timestamp('1900-01-02 00:00:00', 'yyyy-mm-dd hh24:mi:ss'), null),
  ('E660', 'LOMBARDORE', '001', to_timestamp('1900-01-02 00:00:00', 'yyyy-mm-dd hh24:mi:ss'), null),
  ('E661', 'LOMBRIASCO', '001', to_timestamp('1900-01-02 00:00:00', 'yyyy-mm-dd hh24:mi:ss'), null),
  ('E683', 'LORANZE''', '001', to_timestamp('1900-01-02 00:00:00', 'yyyy-mm-dd hh24:mi:ss'), null),
  ('E727', 'LUGNACCO', '001', to_timestamp('1900-01-02 00:00:00', 'yyyy-mm-dd hh24:mi:ss'), to_timestamp('2019-03-13 11:59:59', 'yyyy-mm-dd hh24:mi:ss')),
  ('E756', 'LUSERNA', '001', to_timestamp('1900-01-02 00:00:00', 'yyyy-mm-dd hh24:mi:ss'), to_timestamp('2000-01-01 00:00:00', 'yyyy-mm-dd hh24:mi:ss')),
  ('E758', 'LUSERNA SAN GIOVANNI', '001', to_timestamp('1900-01-02 00:00:00', 'yyyy-mm-dd hh24:mi:ss'), null),
  ('E759', 'LUSERNETTA', '001', to_timestamp('1900-01-02 00:00:00', 'yyyy-mm-dd hh24:mi:ss'), null),
  ('E763', 'LUSIGLIE''', '001', to_timestamp('1900-01-02 00:00:00', 'yyyy-mm-dd hh24:mi:ss'), null),
  ('E782', 'MACELLO', '001', to_timestamp('1900-01-02 00:00:00', 'yyyy-mm-dd hh24:mi:ss'), null),
  ('E817', 'MAGLIONE', '001', to_timestamp('1900-01-02 00:00:00', 'yyyy-mm-dd hh24:mi:ss'), null),
  ('E890', 'MANIGLIA', '001', to_timestamp('1900-01-02 00:00:00', 'yyyy-mm-dd hh24:mi:ss'), to_timestamp('2000-01-01 00:00:00', 'yyyy-mm-dd hh24:mi:ss')),
  ('E937', 'MARCORENGO', '001', to_timestamp('1900-01-02 00:00:00', 'yyyy-mm-dd hh24:mi:ss'), to_timestamp('2000-01-01 00:00:00', 'yyyy-mm-dd hh24:mi:ss')),
  ('E941', 'MARENTINO', '001', to_timestamp('1900-01-02 00:00:00', 'yyyy-mm-dd hh24:mi:ss'), null),
  ('F041', 'MASSELLO', '001', to_timestamp('1900-01-02 00:00:00', 'yyyy-mm-dd hh24:mi:ss'), null),
  ('F053', 'MATHI', '001', to_timestamp('1900-01-02 00:00:00', 'yyyy-mm-dd hh24:mi:ss'), null),
  ('F058', 'MATTIE', '001', to_timestamp('1900-01-02 00:00:00', 'yyyy-mm-dd hh24:mi:ss'), null),
  ('F067', 'MAZZE''', '001', to_timestamp('1900-01-02 00:00:00', 'yyyy-mm-dd hh24:mi:ss'), null),
  ('F074', 'MEANA DI SUSA', '001', to_timestamp('1900-01-02 00:00:00', 'yyyy-mm-dd hh24:mi:ss'), null),
  ('F075', 'MEANO', '001', to_timestamp('1900-01-02 00:00:00', 'yyyy-mm-dd hh24:mi:ss'), to_timestamp('2000-01-01 00:00:00', 'yyyy-mm-dd hh24:mi:ss')),
  ('F103', 'MELEZET', '001', to_timestamp('1900-01-02 00:00:00', 'yyyy-mm-dd hh24:mi:ss'), to_timestamp('2000-01-01 00:00:00', 'yyyy-mm-dd hh24:mi:ss')),
  ('F128', 'MENTOULLES', '001', to_timestamp('1900-01-02 00:00:00', 'yyyy-mm-dd hh24:mi:ss'), to_timestamp('2000-01-01 00:00:00', 'yyyy-mm-dd hh24:mi:ss')),
  ('F140', 'MERCENASCO', '001', to_timestamp('1900-01-02 00:00:00', 'yyyy-mm-dd hh24:mi:ss'), null),
  ('F164', 'MEUGLIANO', '001', to_timestamp('1900-01-02 00:00:00', 'yyyy-mm-dd hh24:mi:ss'), null),
  ('F182', 'MEZZENILE', '001', to_timestamp('1900-01-02 00:00:00', 'yyyy-mm-dd hh24:mi:ss'), null),
  ('F212', 'MILLAURES', '001', to_timestamp('1900-01-02 00:00:00', 'yyyy-mm-dd hh24:mi:ss'), to_timestamp('2000-01-01 00:00:00', 'yyyy-mm-dd hh24:mi:ss')),
  ('F255', 'MOCCHIE', '001', to_timestamp('1900-01-02 00:00:00', 'yyyy-mm-dd hh24:mi:ss'), to_timestamp('2000-01-01 00:00:00', 'yyyy-mm-dd hh24:mi:ss')),
  ('F298', 'MOLLIERES', '001', to_timestamp('1900-01-02 00:00:00', 'yyyy-mm-dd hh24:mi:ss'), to_timestamp('2000-01-01 00:00:00', 'yyyy-mm-dd hh24:mi:ss')),
  ('F315', 'MOMBELLO DI TORINO', '001', to_timestamp('1900-01-02 00:00:00', 'yyyy-mm-dd hh24:mi:ss'), null),
  ('F318', 'MOMPANTERO', '001', to_timestamp('1900-01-02 00:00:00', 'yyyy-mm-dd hh24:mi:ss'), null),
  ('F327', 'MONASTERO DI LANZO', '001', to_timestamp('1900-01-02 00:00:00', 'yyyy-mm-dd hh24:mi:ss'), null),
  ('F331', 'MONASTEROLO TORINESE', '001', to_timestamp('1900-01-02 00:00:00', 'yyyy-mm-dd hh24:mi:ss'), to_timestamp('2000-01-01 00:00:00', 'yyyy-mm-dd hh24:mi:ss')),
  ('F335', 'MONCALIERI', '001', to_timestamp('1900-01-02 00:00:00', 'yyyy-mm-dd hh24:mi:ss'), null),
  ('F353', 'MONDRONE', '001', to_timestamp('1900-01-02 00:00:00', 'yyyy-mm-dd hh24:mi:ss'), to_timestamp('2000-01-01 00:00:00', 'yyyy-mm-dd hh24:mi:ss')),
  ('F407', 'MONTALDO TORINESE', '001', to_timestamp('1900-01-02 00:00:00', 'yyyy-mm-dd hh24:mi:ss'), null),
  ('F411', 'MONTALENGHE', '001', to_timestamp('1900-01-02 00:00:00', 'yyyy-mm-dd hh24:mi:ss'), null),
  ('F420', 'MONTALTO DORA', '001', to_timestamp('1900-01-02 00:00:00', 'yyyy-mm-dd hh24:mi:ss'), null),
  ('F422', 'MONTANARO', '001', to_timestamp('1900-01-02 00:00:00', 'yyyy-mm-dd hh24:mi:ss'), null),
  ('F650', 'MONTESTRUTTO', '001', to_timestamp('1900-01-02 00:00:00', 'yyyy-mm-dd hh24:mi:ss'), to_timestamp('2000-01-01 00:00:00', 'yyyy-mm-dd hh24:mi:ss')),
  ('F651', 'MONTEU DA PO', '001', to_timestamp('1900-01-02 00:00:00', 'yyyy-mm-dd hh24:mi:ss'), null),
  ('F733', 'MORIONDO TORINESE', '001', to_timestamp('1900-01-02 00:00:00', 'yyyy-mm-dd hh24:mi:ss'), null),
  ('F889', 'NICHELINO', '001', to_timestamp('1900-01-02 00:00:00', 'yyyy-mm-dd hh24:mi:ss'), null),
  ('F906', 'NOASCA', '001', to_timestamp('1900-01-02 00:00:00', 'yyyy-mm-dd hh24:mi:ss'), null),
  ('F925', 'NOLE', '001', to_timestamp('1900-01-02 00:00:00', 'yyyy-mm-dd hh24:mi:ss'), null),
  ('F927', 'NOMAGLIO', '001', to_timestamp('1900-01-02 00:00:00', 'yyyy-mm-dd hh24:mi:ss'), null),
  ('F931', 'NONE', '001', to_timestamp('1900-01-02 00:00:00', 'yyyy-mm-dd hh24:mi:ss'), null),
  ('F948', 'NOVALESA', '001', to_timestamp('1900-01-02 00:00:00', 'yyyy-mm-dd hh24:mi:ss'), null),
  ('G010', 'OGLIANICO', '001', to_timestamp('1900-01-02 00:00:00', 'yyyy-mm-dd hh24:mi:ss'), null),
  ('G033', 'TAVERNETTE', '001', to_timestamp('1900-01-02 00:00:00', 'yyyy-mm-dd hh24:mi:ss'), to_timestamp('2000-01-01 00:00:00', 'yyyy-mm-dd hh24:mi:ss')),
  ('G087', 'ORBASSANO', '001', to_timestamp('1900-01-02 00:00:00', 'yyyy-mm-dd hh24:mi:ss'), null),
  ('G109', 'ORIO CANAVESE', '001', to_timestamp('1900-01-02 00:00:00', 'yyyy-mm-dd hh24:mi:ss'), null),
  ('G151', 'OSASCO', '001', to_timestamp('1900-01-02 00:00:00', 'yyyy-mm-dd hh24:mi:ss'), null),
  ('G152', 'OSASIO', '001', to_timestamp('1900-01-02 00:00:00', 'yyyy-mm-dd hh24:mi:ss'), null),
  ('G196', 'OULX', '001', to_timestamp('1900-01-02 00:00:00', 'yyyy-mm-dd hh24:mi:ss'), null),
  ('G202', 'OZEGNA', '001', to_timestamp('1900-01-02 00:00:00', 'yyyy-mm-dd hh24:mi:ss'), null),
  ('G262', 'PALAZZO CANAVESE', '001', to_timestamp('1900-01-02 00:00:00', 'yyyy-mm-dd hh24:mi:ss'), null),
  ('G269', 'PALAZZO PIVERONE', '001', to_timestamp('1900-01-02 00:00:00', 'yyyy-mm-dd hh24:mi:ss'), to_timestamp('2000-01-01 00:00:00', 'yyyy-mm-dd hh24:mi:ss')),
  ('G303', 'PANCALIERI', '001', to_timestamp('1900-01-02 00:00:00', 'yyyy-mm-dd hh24:mi:ss'), null),
  ('G330', 'PARELLA', '001', to_timestamp('1900-01-02 00:00:00', 'yyyy-mm-dd hh24:mi:ss'), null),
  ('G387', 'PAVAROLO', '001', to_timestamp('1900-01-02 00:00:00', 'yyyy-mm-dd hh24:mi:ss'), null),
  ('G392', 'PAVONE CANAVESE', '001', to_timestamp('1900-01-02 00:00:00', 'yyyy-mm-dd hh24:mi:ss'), null),
  ('G396', 'PECCO', '001', to_timestamp('1900-01-02 00:00:00', 'yyyy-mm-dd hh24:mi:ss'), to_timestamp('2019-03-13 11:59:59', 'yyyy-mm-dd hh24:mi:ss')),
  ('G398', 'PECETTO TORINESE', '001', to_timestamp('1900-01-02 00:00:00', 'yyyy-mm-dd hh24:mi:ss'), null),
  ('G462', 'PEROSA CANAVESE', '001', to_timestamp('1900-01-02 00:00:00', 'yyyy-mm-dd hh24:mi:ss'), null),
  ('G463', 'PEROSA ARGENTINA', '001', to_timestamp('1900-01-02 00:00:00', 'yyyy-mm-dd hh24:mi:ss'), null),
  ('G465', 'PERRERO', '001', to_timestamp('1900-01-02 00:00:00', 'yyyy-mm-dd hh24:mi:ss'), null),
  ('G477', 'PERTUSIO', '001', to_timestamp('1900-01-02 00:00:00', 'yyyy-mm-dd hh24:mi:ss'), null),
  ('G505', 'PESSINETTO', '001', to_timestamp('1900-01-02 00:00:00', 'yyyy-mm-dd hh24:mi:ss'), null),
  ('G559', 'PIANEZZA', '001', to_timestamp('1900-01-02 00:00:00', 'yyyy-mm-dd hh24:mi:ss'), null),
  ('G584', 'PIAZZO', '001', to_timestamp('1900-01-02 00:00:00', 'yyyy-mm-dd hh24:mi:ss'), to_timestamp('2000-01-01 00:00:00', 'yyyy-mm-dd hh24:mi:ss')),
  ('G672', 'PINASCA', '001', to_timestamp('1900-01-02 00:00:00', 'yyyy-mm-dd hh24:mi:ss'), null),
  ('G674', 'PINEROLO', '001', to_timestamp('1900-01-02 00:00:00', 'yyyy-mm-dd hh24:mi:ss'), null),
  ('G678', 'PINO TORINESE', '001', to_timestamp('1900-01-02 00:00:00', 'yyyy-mm-dd hh24:mi:ss'), null),
  ('G684', 'PIOBESI TORINESE', '001', to_timestamp('1900-01-02 00:00:00', 'yyyy-mm-dd hh24:mi:ss'), null),
  ('G691', 'PIOSSASCO', '001', to_timestamp('1900-01-02 00:00:00', 'yyyy-mm-dd hh24:mi:ss'), null),
  ('G705', 'PISCINA', '001', to_timestamp('1900-01-02 00:00:00', 'yyyy-mm-dd hh24:mi:ss'), null),
  ('G719', 'PIVERONE', '001', to_timestamp('1900-01-02 00:00:00', 'yyyy-mm-dd hh24:mi:ss'), null),
  ('G777', 'POIRINO', '001', to_timestamp('1900-01-02 00:00:00', 'yyyy-mm-dd hh24:mi:ss'), null),
  ('G805', 'POMARETTO', '001', to_timestamp('1900-01-02 00:00:00', 'yyyy-mm-dd hh24:mi:ss'), null),
  ('G826', 'PONT CANAVESE', '001', to_timestamp('1900-01-02 00:00:00', 'yyyy-mm-dd hh24:mi:ss'), null),
  ('G900', 'PORTE', '001', to_timestamp('1900-01-02 00:00:00', 'yyyy-mm-dd hh24:mi:ss'), null),
  ('G973', 'PRAGELATO', '001', to_timestamp('1900-01-02 00:00:00', 'yyyy-mm-dd hh24:mi:ss'), null),
  ('G978', 'PRALI', '001', to_timestamp('1900-01-02 00:00:00', 'yyyy-mm-dd hh24:mi:ss'), null),
  ('G979', 'PRALORMO', '001', to_timestamp('1900-01-02 00:00:00', 'yyyy-mm-dd hh24:mi:ss'), null),
  ('G982', 'PRAMOLLO', '001', to_timestamp('1900-01-02 00:00:00', 'yyyy-mm-dd hh24:mi:ss'), null),
  ('G986', 'PRAROSTINO', '001', to_timestamp('1900-01-02 00:00:00', 'yyyy-mm-dd hh24:mi:ss'), null),
  ('G988', 'PRASCORSANO', '001', to_timestamp('1900-01-02 00:00:00', 'yyyy-mm-dd hh24:mi:ss'), null),
  ('G997', 'PRATIGLIONE', '001', to_timestamp('1900-01-02 00:00:00', 'yyyy-mm-dd hh24:mi:ss'), null),
  ('H058', 'PRIACCO', '001', to_timestamp('1900-01-02 00:00:00', 'yyyy-mm-dd hh24:mi:ss'), to_timestamp('2000-01-01 00:00:00', 'yyyy-mm-dd hh24:mi:ss')),
  ('H100', 'QUAGLIUZZO', '001', to_timestamp('1900-01-02 00:00:00', 'yyyy-mm-dd hh24:mi:ss'), null),
  ('H120', 'QUASSOLO', '001', to_timestamp('1900-01-02 00:00:00', 'yyyy-mm-dd hh24:mi:ss'), null),
  ('H127', 'QUINCINETTO', '001', to_timestamp('1900-01-02 00:00:00', 'yyyy-mm-dd hh24:mi:ss'), null),
  ('H207', 'REANO', '001', to_timestamp('1900-01-02 00:00:00', 'yyyy-mm-dd hh24:mi:ss'), null),
  ('H251', 'REVIGLIASCO TORINESE', '001', to_timestamp('1900-01-02 00:00:00', 'yyyy-mm-dd hh24:mi:ss'), to_timestamp('2000-01-01 00:00:00', 'yyyy-mm-dd hh24:mi:ss')),
  ('H270', 'RIBORDONE', '001', to_timestamp('1900-01-02 00:00:00', 'yyyy-mm-dd hh24:mi:ss'), null),
  ('H278', 'RICLARETTO', '001', to_timestamp('1900-01-02 00:00:00', 'yyyy-mm-dd hh24:mi:ss'), to_timestamp('2000-01-01 00:00:00', 'yyyy-mm-dd hh24:mi:ss')),
  ('H333', 'RIVALBA', '001', to_timestamp('1900-01-02 00:00:00', 'yyyy-mm-dd hh24:mi:ss'), null),
  ('H335', 'RIVALTA DI TORINO', '001', to_timestamp('1900-01-02 00:00:00', 'yyyy-mm-dd hh24:mi:ss'), null),
  ('H337', 'RIVA PRESSO CHIERI', '001', to_timestamp('1900-01-02 00:00:00', 'yyyy-mm-dd hh24:mi:ss'), null),
  ('H338', 'RIVARA', '001', to_timestamp('1900-01-02 00:00:00', 'yyyy-mm-dd hh24:mi:ss'), null),
  ('H340', 'RIVAROLO CANAVESE', '001', to_timestamp('1900-01-02 00:00:00', 'yyyy-mm-dd hh24:mi:ss'), null),
  ('H344', 'RIVAROSSA', '001', to_timestamp('1900-01-02 00:00:00', 'yyyy-mm-dd hh24:mi:ss'), null),
  ('H349', 'RIVERA', '001', to_timestamp('1900-01-02 00:00:00', 'yyyy-mm-dd hh24:mi:ss'), to_timestamp('2000-01-01 00:00:00', 'yyyy-mm-dd hh24:mi:ss')),
  ('H355', 'RIVOLI', '001', to_timestamp('1900-01-02 00:00:00', 'yyyy-mm-dd hh24:mi:ss'), null),
  ('H367', 'ROBASSOMERO', '001', to_timestamp('1900-01-02 00:00:00', 'yyyy-mm-dd hh24:mi:ss'), null),
  ('H386', 'ROCCA CANAVESE', '001', to_timestamp('1900-01-02 00:00:00', 'yyyy-mm-dd hh24:mi:ss'), null),
  ('H430', 'ROCCAPIATTA', '001', to_timestamp('1900-01-02 00:00:00', 'yyyy-mm-dd hh24:mi:ss'), to_timestamp('2000-01-01 00:00:00', 'yyyy-mm-dd hh24:mi:ss')),
  ('H457', 'ROCCHEMOLLES', '001', to_timestamp('1900-01-02 00:00:00', 'yyyy-mm-dd hh24:mi:ss'), to_timestamp('2000-01-01 00:00:00', 'yyyy-mm-dd hh24:mi:ss')),
  ('H483', 'RODORETTO', '001', to_timestamp('1900-01-02 00:00:00', 'yyyy-mm-dd hh24:mi:ss'), to_timestamp('2000-01-01 00:00:00', 'yyyy-mm-dd hh24:mi:ss')),
  ('H498', 'ROLETTO', '001', to_timestamp('1900-01-02 00:00:00', 'yyyy-mm-dd hh24:mi:ss'), null),
  ('H499', 'ROLLIERES', '001', to_timestamp('1900-01-02 00:00:00', 'yyyy-mm-dd hh24:mi:ss'), to_timestamp('2000-01-01 00:00:00', 'yyyy-mm-dd hh24:mi:ss')),
  ('H511', 'ROMANO CANAVESE', '001', to_timestamp('1900-01-02 00:00:00', 'yyyy-mm-dd hh24:mi:ss'), null),
  ('H539', 'RONCO CANAVESE', '001', to_timestamp('1900-01-02 00:00:00', 'yyyy-mm-dd hh24:mi:ss'), null),
  ('H547', 'RONDISSONE', '001', to_timestamp('1900-01-02 00:00:00', 'yyyy-mm-dd hh24:mi:ss'), null),
  ('H554', 'RORA''', '001', to_timestamp('1900-01-02 00:00:00', 'yyyy-mm-dd hh24:mi:ss'), null),
  ('H555', 'ROURE', '001', to_timestamp('1900-01-02 00:00:00', 'yyyy-mm-dd hh24:mi:ss'), null),
  ('H583', 'ROSTA', '001', to_timestamp('1900-01-02 00:00:00', 'yyyy-mm-dd hh24:mi:ss'), null),
  ('H627', 'RUBIANA', '001', to_timestamp('1900-01-02 00:00:00', 'yyyy-mm-dd hh24:mi:ss'), null),
  ('H631', 'RUEGLIO', '001', to_timestamp('1900-01-02 00:00:00', 'yyyy-mm-dd hh24:mi:ss'), null),
  ('H684', 'SALBERTRAND', '001', to_timestamp('1900-01-02 00:00:00', 'yyyy-mm-dd hh24:mi:ss'), null),
  ('H691', 'SALASSA', '001', to_timestamp('1900-01-02 00:00:00', 'yyyy-mm-dd hh24:mi:ss'), null),
  ('H696', 'SALE CANISCHIO', '001', to_timestamp('1900-01-02 00:00:00', 'yyyy-mm-dd hh24:mi:ss'), to_timestamp('2000-01-01 00:00:00', 'yyyy-mm-dd hh24:mi:ss')),
  ('H702', 'SALERANO CANAVESE', '001', to_timestamp('1900-01-02 00:00:00', 'yyyy-mm-dd hh24:mi:ss'), null),
  ('H722', 'SALTO', '001', to_timestamp('1900-01-02 00:00:00', 'yyyy-mm-dd hh24:mi:ss'), to_timestamp('2000-01-01 00:00:00', 'yyyy-mm-dd hh24:mi:ss')),
  ('H734', 'SALZA DI PINEROLO', '001', to_timestamp('1900-01-02 00:00:00', 'yyyy-mm-dd hh24:mi:ss'), null),
  ('H753', 'SAMONE', '001', to_timestamp('1900-01-02 00:00:00', 'yyyy-mm-dd hh24:mi:ss'), null),
  ('H775', 'SAN BENIGNO CANAVESE', '001', to_timestamp('1900-01-02 00:00:00', 'yyyy-mm-dd hh24:mi:ss'), null),
  ('H789', 'SAN CARLO CANAVESE', '001', to_timestamp('1900-01-02 00:00:00', 'yyyy-mm-dd hh24:mi:ss'), null),
  ('H804', 'SAN COLOMBANO BELMONTE', '001', to_timestamp('1900-01-02 00:00:00', 'yyyy-mm-dd hh24:mi:ss'), null),
  ('H820', 'SAN DIDERO', '001', to_timestamp('1900-01-02 00:00:00', 'yyyy-mm-dd hh24:mi:ss'), null),
  ('H847', 'SAN FRANCESCO AL CAMPO', '001', to_timestamp('1900-01-02 00:00:00', 'yyyy-mm-dd hh24:mi:ss'), null),
  ('H855', 'SANGANO', '001', to_timestamp('1900-01-02 00:00:00', 'yyyy-mm-dd hh24:mi:ss'), null),
  ('H862', 'SAN GERMANO CHISONE', '001', to_timestamp('1900-01-02 00:00:00', 'yyyy-mm-dd hh24:mi:ss'), null),
  ('H873', 'SAN GILLIO', '001', to_timestamp('1900-01-02 00:00:00', 'yyyy-mm-dd hh24:mi:ss'), null),
  ('H874', 'SAN GILLIO TORINESE', '001', to_timestamp('1900-01-02 00:00:00', 'yyyy-mm-dd hh24:mi:ss'), to_timestamp('2000-01-01 00:00:00', 'yyyy-mm-dd hh24:mi:ss')),
  ('H890', 'SAN GIORGIO CANAVESE', '001', to_timestamp('1900-01-02 00:00:00', 'yyyy-mm-dd hh24:mi:ss'), null),
  ('H900', 'SAN GIORIO DI SUSA', '001', to_timestamp('1900-01-02 00:00:00', 'yyyy-mm-dd hh24:mi:ss'), null),
  ('H904', 'SAN GIOVANNI PELLICE', '001', to_timestamp('1900-01-02 00:00:00', 'yyyy-mm-dd hh24:mi:ss'), to_timestamp('2000-01-01 00:00:00', 'yyyy-mm-dd hh24:mi:ss')),
  ('H936', 'SAN GIUSTO CANAVESE', '001', to_timestamp('1900-01-02 00:00:00', 'yyyy-mm-dd hh24:mi:ss'), null),
  ('H997', 'SAN MARTINO CANAVESE', '001', to_timestamp('1900-01-02 00:00:00', 'yyyy-mm-dd hh24:mi:ss'), null),
  ('H998', 'SAN MARTINO DI PERRERO', '001', to_timestamp('1900-01-02 00:00:00', 'yyyy-mm-dd hh24:mi:ss'), to_timestamp('2000-01-01 00:00:00', 'yyyy-mm-dd hh24:mi:ss')),
  ('I024', 'SAN MAURIZIO CANAVESE', '001', to_timestamp('1900-01-02 00:00:00', 'yyyy-mm-dd hh24:mi:ss'), null),
  ('I030', 'SAN MAURO TORINESE', '001', to_timestamp('1900-01-02 00:00:00', 'yyyy-mm-dd hh24:mi:ss'), null),
  ('I090', 'SAN PIETRO VAL LEMINA', '001', to_timestamp('1900-01-02 00:00:00', 'yyyy-mm-dd hh24:mi:ss'), null),
  ('I126', 'SAN PONSO', '001', to_timestamp('1900-01-02 00:00:00', 'yyyy-mm-dd hh24:mi:ss'), null),
  ('I137', 'SAN RAFFAELE CIMENA', '001', to_timestamp('1900-01-02 00:00:00', 'yyyy-mm-dd hh24:mi:ss'), null),
  ('I152', 'SAN SEBASTIANO DA PO', '001', to_timestamp('1900-01-02 00:00:00', 'yyyy-mm-dd hh24:mi:ss'), null),
  ('I154', 'SAN SECONDO DI PINEROLO', '001', to_timestamp('1900-01-02 00:00:00', 'yyyy-mm-dd hh24:mi:ss'), null),
  ('I258', 'SANT''AMBROGIO DI TORINO', '001', to_timestamp('1900-01-02 00:00:00', 'yyyy-mm-dd hh24:mi:ss'), null),
  ('I296', 'SANT''ANTONINO DI SUSA', '001', to_timestamp('1900-01-02 00:00:00', 'yyyy-mm-dd hh24:mi:ss'), null),
  ('I327', 'SANTENA', '001', to_timestamp('1900-01-02 00:00:00', 'yyyy-mm-dd hh24:mi:ss'), to_timestamp('2019-05-28 09:26:20', 'yyyy-mm-dd hh24:mi:ss')),
  ('I465', 'SAUZE DI CESANA', '001', to_timestamp('1900-01-02 00:00:00', 'yyyy-mm-dd hh24:mi:ss'), null),
  ('I466', 'SAUZE D''OULX', '001', to_timestamp('1900-01-02 00:00:00', 'yyyy-mm-dd hh24:mi:ss'), null),
  ('I481', 'SAVOULX', '001', to_timestamp('1900-01-02 00:00:00', 'yyyy-mm-dd hh24:mi:ss'), to_timestamp('2000-01-01 00:00:00', 'yyyy-mm-dd hh24:mi:ss')),
  ('I490', 'SCALENGHE', '001', to_timestamp('1900-01-02 00:00:00', 'yyyy-mm-dd hh24:mi:ss'), null),
  ('I511', 'SCARMAGNO', '001', to_timestamp('1900-01-02 00:00:00', 'yyyy-mm-dd hh24:mi:ss'), null),
  ('I539', 'SCIOLZE', '001', to_timestamp('1900-01-02 00:00:00', 'yyyy-mm-dd hh24:mi:ss'), null),
  ('I692', 'SESTRIERE', '001', to_timestamp('1900-01-02 00:00:00', 'yyyy-mm-dd hh24:mi:ss'), null),
  ('I701', 'SETTIMO ROTTARO', '001', to_timestamp('1900-01-02 00:00:00', 'yyyy-mm-dd hh24:mi:ss'), null),
  ('I702', 'SETTIMO VITTONE', '001', to_timestamp('1900-01-02 00:00:00', 'yyyy-mm-dd hh24:mi:ss'), null),
  ('I703', 'SETTIMO TORINESE', '001', to_timestamp('1900-01-02 00:00:00', 'yyyy-mm-dd hh24:mi:ss'), null),
  ('I807', 'SOLOMIAC', '001', to_timestamp('1900-01-02 00:00:00', 'yyyy-mm-dd hh24:mi:ss'), to_timestamp('2000-01-01 00:00:00', 'yyyy-mm-dd hh24:mi:ss')),
  ('I886', 'SPARONE', '001', to_timestamp('1900-01-02 00:00:00', 'yyyy-mm-dd hh24:mi:ss'), null),
  ('I969', 'STRAMBINELLO', '001', to_timestamp('1900-01-02 00:00:00', 'yyyy-mm-dd hh24:mi:ss'), null),
  ('I970', 'STRAMBINO', '001', to_timestamp('1900-01-02 00:00:00', 'yyyy-mm-dd hh24:mi:ss'), null),
  ('L013', 'SUSA', '001', to_timestamp('1900-01-02 00:00:00', 'yyyy-mm-dd hh24:mi:ss'), null),
  ('L066', 'TAVAGNASCO', '001', to_timestamp('1900-01-02 00:00:00', 'yyyy-mm-dd hh24:mi:ss'), null),
  ('L159', 'THURES', '001', to_timestamp('1900-01-02 00:00:00', 'yyyy-mm-dd hh24:mi:ss'), to_timestamp('2000-01-01 00:00:00', 'yyyy-mm-dd hh24:mi:ss')),
  ('L171', 'TINA', '001', to_timestamp('1900-01-02 00:00:00', 'yyyy-mm-dd hh24:mi:ss'), to_timestamp('2000-01-01 00:00:00', 'yyyy-mm-dd hh24:mi:ss')),
  ('L219', 'TORINO', '001', to_timestamp('1900-01-02 00:00:00', 'yyyy-mm-dd hh24:mi:ss'), null),
  ('L238', 'TORRAZZA PIEMONTE', '001', to_timestamp('1900-01-02 00:00:00', 'yyyy-mm-dd hh24:mi:ss'), null),
  ('L247', 'TORRE CANAVESE', '001', to_timestamp('1900-01-02 00:00:00', 'yyyy-mm-dd hh24:mi:ss'), null),
  ('L277', 'TORRE PELLICE', '001', to_timestamp('1900-01-02 00:00:00', 'yyyy-mm-dd hh24:mi:ss'), null),
  ('L327', 'TRANA', '001', to_timestamp('1900-01-02 00:00:00', 'yyyy-mm-dd hh24:mi:ss'), null),
  ('L338', 'TRAUSELLA', '001', to_timestamp('1900-01-02 00:00:00', 'yyyy-mm-dd hh24:mi:ss'), to_timestamp('2019-03-13 11:59:59', 'yyyy-mm-dd hh24:mi:ss')),
  ('L340', 'TRAVES', '001', to_timestamp('1900-01-02 00:00:00', 'yyyy-mm-dd hh24:mi:ss'), null),
  ('L344', 'TRAVERSE', '001', to_timestamp('1900-01-02 00:00:00', 'yyyy-mm-dd hh24:mi:ss'), to_timestamp('2000-01-01 00:00:00', 'yyyy-mm-dd hh24:mi:ss')),
  ('L345', 'TRAVERSELLA', '001', to_timestamp('1900-01-02 00:00:00', 'yyyy-mm-dd hh24:mi:ss'), null),
  ('L445', 'TROFARELLO', '001', to_timestamp('1900-01-02 00:00:00', 'yyyy-mm-dd hh24:mi:ss'), null),
  ('L515', 'USSEAUX', '001', to_timestamp('1900-01-02 00:00:00', 'yyyy-mm-dd hh24:mi:ss'), null),
  ('L516', 'USSEGLIO', '001', to_timestamp('1900-01-02 00:00:00', 'yyyy-mm-dd hh24:mi:ss'), null),
  ('L538', 'VAIE', '001', to_timestamp('1900-01-02 00:00:00', 'yyyy-mm-dd hh24:mi:ss'), null),
  ('L548', 'VICO CANAVESE', '001', to_timestamp('1900-01-02 00:00:00', 'yyyy-mm-dd hh24:mi:ss'), to_timestamp('2019-03-13 11:59:59', 'yyyy-mm-dd hh24:mi:ss')),
  ('L555', 'VAL DELLA TORRE', '001', to_timestamp('1900-01-02 00:00:00', 'yyyy-mm-dd hh24:mi:ss'), null),
  ('L578', 'VALGIOIE', '001', to_timestamp('1900-01-02 00:00:00', 'yyyy-mm-dd hh24:mi:ss'), null),
  ('L629', 'VALLO TORINESE', '001', to_timestamp('1900-01-02 00:00:00', 'yyyy-mm-dd hh24:mi:ss'), null),
  ('L644', 'VALPERGA', '001', to_timestamp('1900-01-02 00:00:00', 'yyyy-mm-dd hh24:mi:ss'), null),
  ('L685', 'VARISELLA', '001', to_timestamp('1900-01-02 00:00:00', 'yyyy-mm-dd hh24:mi:ss'), null),
  ('L698', 'VAUDA CANAVESE', '001', to_timestamp('1900-01-02 00:00:00', 'yyyy-mm-dd hh24:mi:ss'), null),
  ('L726', 'VENAUS', '001', to_timestamp('1900-01-02 00:00:00', 'yyyy-mm-dd hh24:mi:ss'), null),
  ('L727', 'VENARIA REALE', '001', to_timestamp('1900-01-02 00:00:00', 'yyyy-mm-dd hh24:mi:ss'), null),
  ('L779', 'VEROLENGO', '001', to_timestamp('1900-01-02 00:00:00', 'yyyy-mm-dd hh24:mi:ss'), null),
  ('L787', 'VERRUA SAVOIA', '001', to_timestamp('1900-01-02 00:00:00', 'yyyy-mm-dd hh24:mi:ss'), null),
  ('L811', 'VESTIGNE''', '001', to_timestamp('1900-01-02 00:00:00', 'yyyy-mm-dd hh24:mi:ss'), null),
  ('L830', 'VIALFRE''', '001', to_timestamp('1900-01-02 00:00:00', 'yyyy-mm-dd hh24:mi:ss'), null),
  ('L857', 'VIDRACCO', '001', to_timestamp('1900-01-02 00:00:00', 'yyyy-mm-dd hh24:mi:ss'), null),
  ('L898', 'VIGONE', '001', to_timestamp('1900-01-02 00:00:00', 'yyyy-mm-dd hh24:mi:ss'), null),
  ('L948', 'VILLAFRANCA PIEMONTE', '001', to_timestamp('1900-01-02 00:00:00', 'yyyy-mm-dd hh24:mi:ss'), null),
  ('L982', 'VILLANOVA CANAVESE', '001', to_timestamp('1900-01-02 00:00:00', 'yyyy-mm-dd hh24:mi:ss'), null),
  ('L999', 'VILLAR DORA', '001', to_timestamp('1900-01-02 00:00:00', 'yyyy-mm-dd hh24:mi:ss'), null),
  ('M002', 'VILLARBASSE', '001', to_timestamp('1900-01-02 00:00:00', 'yyyy-mm-dd hh24:mi:ss'), null),
  ('M004', 'VILLAREGGIA', '001', to_timestamp('1900-01-02 00:00:00', 'yyyy-mm-dd hh24:mi:ss'), null),
  ('M007', 'VILLAR FOCCHIARDO', '001', to_timestamp('1900-01-02 00:00:00', 'yyyy-mm-dd hh24:mi:ss'), null),
  ('M013', 'VILLAR PELLICE', '001', to_timestamp('1900-01-02 00:00:00', 'yyyy-mm-dd hh24:mi:ss'), null),
  ('M014', 'VILLAR PEROSA', '001', to_timestamp('1900-01-02 00:00:00', 'yyyy-mm-dd hh24:mi:ss'), null),
  ('M027', 'VILLASTELLONE', '001', to_timestamp('1900-01-02 00:00:00', 'yyyy-mm-dd hh24:mi:ss'), null),
  ('M060', 'VINOVO', '001', to_timestamp('1900-01-02 00:00:00', 'yyyy-mm-dd hh24:mi:ss'), null),
  ('M069', 'VIRLE PIEMONTE', '001', to_timestamp('1900-01-02 00:00:00', 'yyyy-mm-dd hh24:mi:ss'), null),
  ('M071', 'VISCHE', '001', to_timestamp('1900-01-02 00:00:00', 'yyyy-mm-dd hh24:mi:ss'), null),
  ('M080', 'VISTRORIO', '001', to_timestamp('1900-01-02 00:00:00', 'yyyy-mm-dd hh24:mi:ss'), null),
  ('M094', 'VIU''', '001', to_timestamp('1900-01-02 00:00:00', 'yyyy-mm-dd hh24:mi:ss'), null),
  ('M122', 'VOLPIANO', '001', to_timestamp('1900-01-02 00:00:00', 'yyyy-mm-dd hh24:mi:ss'), null),
  ('M133', 'VOLVERA', '001', to_timestamp('1900-01-02 00:00:00', 'yyyy-mm-dd hh24:mi:ss'), null),
  ('M405', 'VAL DI CHY', '001', to_timestamp('2019-03-13 12:00:00', 'yyyy-mm-dd hh24:mi:ss'), null),
  ('M415', 'VALCHIUSA', '001', to_timestamp('2019-03-13 12:00:00', 'yyyy-mm-dd hh24:mi:ss'), null),
  ('A079', 'AGNONA', '002', to_timestamp('1900-01-02 00:00:00', 'yyyy-mm-dd hh24:mi:ss'), to_timestamp('2000-01-01 00:00:00', 'yyyy-mm-dd hh24:mi:ss')),
  ('A119', 'ALAGNA VALSESIA', '002', to_timestamp('1900-01-02 00:00:00', 'yyyy-mm-dd hh24:mi:ss'), null),
  ('A130', 'ALBANO VERCELLESE', '002', to_timestamp('1900-01-02 00:00:00', 'yyyy-mm-dd hh24:mi:ss'), null),
  ('A198', 'ALICE CASTELLO', '002', to_timestamp('1900-01-02 00:00:00', 'yyyy-mm-dd hh24:mi:ss'), null),
  ('A279', 'ANDORNO CACCIORNA', '002', to_timestamp('1900-01-02 00:00:00', 'yyyy-mm-dd hh24:mi:ss'), to_timestamp('2000-01-01 00:00:00', 'yyyy-mm-dd hh24:mi:ss')),
  ('A353', 'ARANCO', '002', to_timestamp('1900-01-02 00:00:00', 'yyyy-mm-dd hh24:mi:ss'), to_timestamp('2000-01-01 00:00:00', 'yyyy-mm-dd hh24:mi:ss')),
  ('A358', 'ARBORIO', '002', to_timestamp('1900-01-02 00:00:00', 'yyyy-mm-dd hh24:mi:ss'), null),
  ('A466', 'ASIGLIANO VERCELLESE', '002', to_timestamp('1900-01-02 00:00:00', 'yyyy-mm-dd hh24:mi:ss'), null),
  ('A600', 'BALMUCCIA', '002', to_timestamp('1900-01-02 00:00:00', 'yyyy-mm-dd hh24:mi:ss'), null),
  ('A601', 'BALOCCO', '002', to_timestamp('1900-01-02 00:00:00', 'yyyy-mm-dd hh24:mi:ss'), null),
  ('A847', 'BIANZE''', '002', to_timestamp('1900-01-02 00:00:00', 'yyyy-mm-dd hh24:mi:ss'), null),
  ('A914', 'BOCCIOLETO', '002', to_timestamp('1900-01-02 00:00:00', 'yyyy-mm-dd hh24:mi:ss'), null),
  ('B009', 'BORGO D''ALE', '002', to_timestamp('1900-01-02 00:00:00', 'yyyy-mm-dd hh24:mi:ss'), null),
  ('B041', 'BORGOSESIA', '002', to_timestamp('1900-01-02 00:00:00', 'yyyy-mm-dd hh24:mi:ss'), null),
  ('B046', 'BORGO VERCELLI', '002', to_timestamp('1900-01-02 00:00:00', 'yyyy-mm-dd hh24:mi:ss'), null),
  ('B052', 'BORNATE', '002', to_timestamp('1900-01-02 00:00:00', 'yyyy-mm-dd hh24:mi:ss'), to_timestamp('2000-01-01 00:00:00', 'yyyy-mm-dd hh24:mi:ss')),
  ('B136', 'BREIA', '002', to_timestamp('1900-01-02 00:00:00', 'yyyy-mm-dd hh24:mi:ss'), to_timestamp('2018-06-08 23:59:59', 'yyyy-mm-dd hh24:mi:ss')),
  ('B280', 'BURONZO', '002', to_timestamp('1900-01-02 00:00:00', 'yyyy-mm-dd hh24:mi:ss'), null),
  ('B459', 'CAMASCO', '002', to_timestamp('1900-01-02 00:00:00', 'yyyy-mm-dd hh24:mi:ss'), to_timestamp('2000-01-01 00:00:00', 'yyyy-mm-dd hh24:mi:ss')),
  ('B505', 'CAMPERTOGNO', '002', to_timestamp('1900-01-02 00:00:00', 'yyyy-mm-dd hh24:mi:ss'), null),
  ('B752', 'CARCOFORO', '002', to_timestamp('1900-01-02 00:00:00', 'yyyy-mm-dd hh24:mi:ss'), null),
  ('B767', 'CARESANA', '002', to_timestamp('1900-01-02 00:00:00', 'yyyy-mm-dd hh24:mi:ss'), null),
  ('B768', 'CARESANABLOT', '002', to_timestamp('1900-01-02 00:00:00', 'yyyy-mm-dd hh24:mi:ss'), null),
  ('B782', 'CARISIO', '002', to_timestamp('1900-01-02 00:00:00', 'yyyy-mm-dd hh24:mi:ss'), null),
  ('B928', 'CASANOVA ELVO', '002', to_timestamp('1900-01-02 00:00:00', 'yyyy-mm-dd hh24:mi:ss'), null),
  ('B951', 'CASCINE DI STRA', '002', to_timestamp('1900-01-02 00:00:00', 'yyyy-mm-dd hh24:mi:ss'), to_timestamp('2000-01-01 00:00:00', 'yyyy-mm-dd hh24:mi:ss')),
  ('B952', 'SAN GIACOMO VERCELLESE', '002', to_timestamp('1900-01-02 00:00:00', 'yyyy-mm-dd hh24:mi:ss'), null),
  ('C151', 'CASTELLENGO', '002', to_timestamp('1900-01-02 00:00:00', 'yyyy-mm-dd hh24:mi:ss'), to_timestamp('2000-01-01 00:00:00', 'yyyy-mm-dd hh24:mi:ss')),
  ('C168', 'CASTELLETTO VILLA', '002', to_timestamp('1900-01-02 00:00:00', 'yyyy-mm-dd hh24:mi:ss'), to_timestamp('2000-01-01 00:00:00', 'yyyy-mm-dd hh24:mi:ss')),
  ('C450', 'CELLIO', '002', to_timestamp('1900-01-02 00:00:00', 'yyyy-mm-dd hh24:mi:ss'), to_timestamp('2018-06-08 23:59:59', 'yyyy-mm-dd hh24:mi:ss')),
  ('C546', 'CERVAROLO', '002', to_timestamp('1900-01-02 00:00:00', 'yyyy-mm-dd hh24:mi:ss'), to_timestamp('2000-01-01 00:00:00', 'yyyy-mm-dd hh24:mi:ss')),
  ('C548', 'CERVATTO', '002', to_timestamp('1900-01-02 00:00:00', 'yyyy-mm-dd hh24:mi:ss'), null),
  ('C622', 'CHIAVAZZA', '002', to_timestamp('1900-01-02 00:00:00', 'yyyy-mm-dd hh24:mi:ss'), to_timestamp('2000-01-01 00:00:00', 'yyyy-mm-dd hh24:mi:ss')),
  ('C680', 'CIGLIANO', '002', to_timestamp('1900-01-02 00:00:00', 'yyyy-mm-dd hh24:mi:ss'), null),
  ('C757', 'CIVIASCO', '002', to_timestamp('1900-01-02 00:00:00', 'yyyy-mm-dd hh24:mi:ss'), null),
  ('C884', 'COLLOBIANO', '002', to_timestamp('1900-01-02 00:00:00', 'yyyy-mm-dd hh24:mi:ss'), null),
  ('D097', 'COSSILA', '002', to_timestamp('1900-01-02 00:00:00', 'yyyy-mm-dd hh24:mi:ss'), to_timestamp('2000-01-01 00:00:00', 'yyyy-mm-dd hh24:mi:ss')),
  ('D113', 'COSTANZANA', '002', to_timestamp('1900-01-02 00:00:00', 'yyyy-mm-dd hh24:mi:ss'), null),
  ('D132', 'CRAVAGLIANA', '002', to_timestamp('1900-01-02 00:00:00', 'yyyy-mm-dd hh24:mi:ss'), null),
  ('D154', 'CRESCENTINO', '002', to_timestamp('1900-01-02 00:00:00', 'yyyy-mm-dd hh24:mi:ss'), null),
  ('D169', 'CREVOLA SESIA', '002', to_timestamp('1900-01-02 00:00:00', 'yyyy-mm-dd hh24:mi:ss'), to_timestamp('2000-01-01 00:00:00', 'yyyy-mm-dd hh24:mi:ss')),
  ('D174', 'CROCE DI MOSSO', '002', to_timestamp('1900-01-02 00:00:00', 'yyyy-mm-dd hh24:mi:ss'), to_timestamp('2000-01-01 00:00:00', 'yyyy-mm-dd hh24:mi:ss')),
  ('D187', 'CROVA', '002', to_timestamp('1900-01-02 00:00:00', 'yyyy-mm-dd hh24:mi:ss'), null),
  ('D281', 'DESANA', '002', to_timestamp('1900-01-02 00:00:00', 'yyyy-mm-dd hh24:mi:ss'), null),
  ('D313', 'DOCCIO', '002', to_timestamp('1900-01-02 00:00:00', 'yyyy-mm-dd hh24:mi:ss'), to_timestamp('2000-01-01 00:00:00', 'yyyy-mm-dd hh24:mi:ss')),
  ('D556', 'FERRUTA', '002', to_timestamp('1900-01-02 00:00:00', 'yyyy-mm-dd hh24:mi:ss'), to_timestamp('2000-01-01 00:00:00', 'yyyy-mm-dd hh24:mi:ss')),
  ('D632', 'FLECCHIA', '002', to_timestamp('1900-01-02 00:00:00', 'yyyy-mm-dd hh24:mi:ss'), to_timestamp('2000-01-01 00:00:00', 'yyyy-mm-dd hh24:mi:ss')),
  ('D641', 'FOBELLO', '002', to_timestamp('1900-01-02 00:00:00', 'yyyy-mm-dd hh24:mi:ss'), null),
  ('D676', 'FONTANETTO PO', '002', to_timestamp('1900-01-02 00:00:00', 'yyyy-mm-dd hh24:mi:ss'), null),
  ('D698', 'FORESTO SESIA', '002', to_timestamp('1900-01-02 00:00:00', 'yyyy-mm-dd hh24:mi:ss'), to_timestamp('2000-01-01 00:00:00', 'yyyy-mm-dd hh24:mi:ss')),
  ('D712', 'FORMIGLIANA', '002', to_timestamp('1900-01-02 00:00:00', 'yyyy-mm-dd hh24:mi:ss'), null),
  ('D938', 'GATTINARA', '002', to_timestamp('1900-01-02 00:00:00', 'yyyy-mm-dd hh24:mi:ss'), null),
  ('E007', 'GHISLARENGO', '002', to_timestamp('1900-01-02 00:00:00', 'yyyy-mm-dd hh24:mi:ss'), null),
  ('E163', 'GREGGIO', '002', to_timestamp('1900-01-02 00:00:00', 'yyyy-mm-dd hh24:mi:ss'), null),
  ('E237', 'GUARDABOSONE', '002', to_timestamp('1900-01-02 00:00:00', 'yyyy-mm-dd hh24:mi:ss'), null),
  ('E361', 'ISOLELLA', '002', to_timestamp('1900-01-02 00:00:00', 'yyyy-mm-dd hh24:mi:ss'), to_timestamp('2000-01-01 00:00:00', 'yyyy-mm-dd hh24:mi:ss')),
  ('E433', 'LAMPORO', '002', to_timestamp('1900-01-02 00:00:00', 'yyyy-mm-dd hh24:mi:ss'), null),
  ('E528', 'LENTA', '002', to_timestamp('1900-01-02 00:00:00', 'yyyy-mm-dd hh24:mi:ss'), null),
  ('E583', 'LIGNANA', '002', to_timestamp('1900-01-02 00:00:00', 'yyyy-mm-dd hh24:mi:ss'), null),
  ('E626', 'LIVORNO FERRARIS', '002', to_timestamp('1900-01-02 00:00:00', 'yyyy-mm-dd hh24:mi:ss'), null),
  ('E636', 'LOCARNO', '002', to_timestamp('1900-01-02 00:00:00', 'yyyy-mm-dd hh24:mi:ss'), to_timestamp('2000-01-01 00:00:00', 'yyyy-mm-dd hh24:mi:ss')),
  ('E711', 'LOZZOLO', '002', to_timestamp('1900-01-02 00:00:00', 'yyyy-mm-dd hh24:mi:ss'), null),
  ('F297', 'MOLLIA', '002', to_timestamp('1900-01-02 00:00:00', 'yyyy-mm-dd hh24:mi:ss'), null),
  ('F342', 'MONCRIVELLO', '002', to_timestamp('1900-01-02 00:00:00', 'yyyy-mm-dd hh24:mi:ss'), null),
  ('F714', 'MORCA', '002', to_timestamp('1900-01-02 00:00:00', 'yyyy-mm-dd hh24:mi:ss'), to_timestamp('2000-01-01 00:00:00', 'yyyy-mm-dd hh24:mi:ss')),
  ('F741', 'MORONDO', '002', to_timestamp('1900-01-02 00:00:00', 'yyyy-mm-dd hh24:mi:ss'), to_timestamp('2000-01-01 00:00:00', 'yyyy-mm-dd hh24:mi:ss')),
  ('F774', 'MOTTA DE'' CONTI', '002', to_timestamp('1900-01-02 00:00:00', 'yyyy-mm-dd hh24:mi:ss'), null),
  ('G016', 'OLCENENGO', '002', to_timestamp('1900-01-02 00:00:00', 'yyyy-mm-dd hh24:mi:ss'), null),
  ('G018', 'OLDENICO', '002', to_timestamp('1900-01-02 00:00:00', 'yyyy-mm-dd hh24:mi:ss'), null),
  ('G266', 'PALAZZOLO VERCELLESE', '002', to_timestamp('1900-01-02 00:00:00', 'yyyy-mm-dd hh24:mi:ss'), null),
  ('G343', 'PARONE', '002', to_timestamp('1900-01-02 00:00:00', 'yyyy-mm-dd hh24:mi:ss'), to_timestamp('2000-01-01 00:00:00', 'yyyy-mm-dd hh24:mi:ss')),
  ('G471', 'PERTENGO', '002', to_timestamp('1900-01-02 00:00:00', 'yyyy-mm-dd hh24:mi:ss'), null),
  ('G528', 'PEZZANA', '002', to_timestamp('1900-01-02 00:00:00', 'yyyy-mm-dd hh24:mi:ss'), null),
  ('G548', 'PIANCERI', '002', to_timestamp('1900-01-02 00:00:00', 'yyyy-mm-dd hh24:mi:ss'), to_timestamp('2000-01-01 00:00:00', 'yyyy-mm-dd hh24:mi:ss')),
  ('G666', 'PILA', '002', to_timestamp('1900-01-02 00:00:00', 'yyyy-mm-dd hh24:mi:ss'), null),
  ('G685', 'PIODE', '002', to_timestamp('1900-01-02 00:00:00', 'yyyy-mm-dd hh24:mi:ss'), null),
  ('G940', 'POSTUA', '002', to_timestamp('1900-01-02 00:00:00', 'yyyy-mm-dd hh24:mi:ss'), null),
  ('G985', 'PRAROLO', '002', to_timestamp('1900-01-02 00:00:00', 'yyyy-mm-dd hh24:mi:ss'), null),
  ('H108', 'QUARONA', '002', to_timestamp('1900-01-02 00:00:00', 'yyyy-mm-dd hh24:mi:ss'), null),
  ('H132', 'QUINTO VERCELLESE', '002', to_timestamp('1900-01-02 00:00:00', 'yyyy-mm-dd hh24:mi:ss'), null),
  ('H188', 'RASSA', '002', to_timestamp('1900-01-02 00:00:00', 'yyyy-mm-dd hh24:mi:ss'), null),
  ('H291', 'RIMA SAN GIUSEPPE', '002', to_timestamp('1900-01-02 00:00:00', 'yyyy-mm-dd hh24:mi:ss'), to_timestamp('2018-06-08 23:59:59', 'yyyy-mm-dd hh24:mi:ss')),
  ('H292', 'RIMASCO', '002', to_timestamp('1900-01-02 00:00:00', 'yyyy-mm-dd hh24:mi:ss'), to_timestamp('2018-06-08 23:59:59', 'yyyy-mm-dd hh24:mi:ss')),
  ('H293', 'RIMELLA', '002', to_timestamp('1900-01-02 00:00:00', 'yyyy-mm-dd hh24:mi:ss'), null),
  ('H329', 'RIVA VALDOBBIA', '002', to_timestamp('1900-01-02 00:00:00', 'yyyy-mm-dd hh24:mi:ss'), to_timestamp('2019-03-13 11:59:59', 'yyyy-mm-dd hh24:mi:ss')),
  ('H346', 'RIVE', '002', to_timestamp('1900-01-02 00:00:00', 'yyyy-mm-dd hh24:mi:ss'), null),
  ('H364', 'ROVASENDA', '002', to_timestamp('1900-01-02 00:00:00', 'yyyy-mm-dd hh24:mi:ss'), null),
  ('H365', 'ROASIO', '002', to_timestamp('1900-01-02 00:00:00', 'yyyy-mm-dd hh24:mi:ss'), null),
  ('H549', 'RONSECCO', '002', to_timestamp('1900-01-02 00:00:00', 'yyyy-mm-dd hh24:mi:ss'), null),
  ('H577', 'ROSSA', '002', to_timestamp('1900-01-02 00:00:00', 'yyyy-mm-dd hh24:mi:ss'), null),
  ('H648', 'SABBIA', '002', to_timestamp('1900-01-02 00:00:00', 'yyyy-mm-dd hh24:mi:ss'), to_timestamp('2018-06-08 23:59:59', 'yyyy-mm-dd hh24:mi:ss')),
  ('H690', 'SALASCO', '002', to_timestamp('1900-01-02 00:00:00', 'yyyy-mm-dd hh24:mi:ss'), null),
  ('H707', 'SALI VERCELLESE', '002', to_timestamp('1900-01-02 00:00:00', 'yyyy-mm-dd hh24:mi:ss'), null),
  ('H725', 'SALUGGIA', '002', to_timestamp('1900-01-02 00:00:00', 'yyyy-mm-dd hh24:mi:ss'), null),
  ('H861', 'SAN GERMANO VERCELLESE', '002', to_timestamp('1900-01-02 00:00:00', 'yyyy-mm-dd hh24:mi:ss'), null),
  ('H932', 'SAN GIUSEPPE DI CASTO', '002', to_timestamp('1900-01-02 00:00:00', 'yyyy-mm-dd hh24:mi:ss'), to_timestamp('2000-01-01 00:00:00', 'yyyy-mm-dd hh24:mi:ss')),
  ('I337', 'SANTHIA''', '002', to_timestamp('1900-01-02 00:00:00', 'yyyy-mm-dd hh24:mi:ss'), null),
  ('I544', 'SCOPA', '002', to_timestamp('1900-01-02 00:00:00', 'yyyy-mm-dd hh24:mi:ss'), null),
  ('I545', 'SCOPELLO', '002', to_timestamp('1900-01-02 00:00:00', 'yyyy-mm-dd hh24:mi:ss'), null),
  ('I663', 'SERRAVALLE SESIA', '002', to_timestamp('1900-01-02 00:00:00', 'yyyy-mm-dd hh24:mi:ss'), null),
  ('I984', 'STROPPIANA', '002', to_timestamp('1900-01-02 00:00:00', 'yyyy-mm-dd hh24:mi:ss'), null),
  ('L420', 'TRICERRO', '002', to_timestamp('1900-01-02 00:00:00', 'yyyy-mm-dd hh24:mi:ss'), null),
  ('L429', 'TRINO VERCELLESE', '002', to_timestamp('1900-01-02 00:00:00', 'yyyy-mm-dd hh24:mi:ss'), null),
  ('L451', 'TRONZANO VERCELLESE', '002', to_timestamp('1900-01-02 00:00:00', 'yyyy-mm-dd hh24:mi:ss'), null),
  ('L566', 'VALDUGGIA', '002', to_timestamp('1900-01-02 00:00:00', 'yyyy-mm-dd hh24:mi:ss'), null),
  ('L622', 'VALLE SUPERIORE MOSSO', '002', to_timestamp('1900-01-02 00:00:00', 'yyyy-mm-dd hh24:mi:ss'), to_timestamp('2000-01-01 00:00:00', 'yyyy-mm-dd hh24:mi:ss')),
  ('L635', 'VALMAGGIA', '002', to_timestamp('1900-01-02 00:00:00', 'yyyy-mm-dd hh24:mi:ss'), to_timestamp('2000-01-01 00:00:00', 'yyyy-mm-dd hh24:mi:ss')),
  ('L669', 'VARALLO', '002', to_timestamp('1900-01-02 00:00:00', 'yyyy-mm-dd hh24:mi:ss'), null),
  ('L750', 'VERCELLI', '002', to_timestamp('1900-01-02 00:00:00', 'yyyy-mm-dd hh24:mi:ss'), null),
  ('M003', 'VILLARBOIT', '002', to_timestamp('1900-01-02 00:00:00', 'yyyy-mm-dd hh24:mi:ss'), null),
  ('M028', 'VILLATA', '002', to_timestamp('1900-01-02 00:00:00', 'yyyy-mm-dd hh24:mi:ss'), null),
  ('M061', 'VINTEBBIO', '002', to_timestamp('1900-01-02 00:00:00', 'yyyy-mm-dd hh24:mi:ss'), to_timestamp('2000-01-01 00:00:00', 'yyyy-mm-dd hh24:mi:ss')),
  ('M106', 'VOCCA', '002', to_timestamp('1900-01-02 00:00:00', 'yyyy-mm-dd hh24:mi:ss'), null),
/*
    omissis
*/
  ('L553', 'VALDARSA', '703', to_timestamp('1900-01-02 00:00:00', 'yyyy-mm-dd hh24:mi:ss'), to_timestamp('2000-01-01 00:00:00', 'yyyy-mm-dd hh24:mi:ss')),
  ('L602', 'VALLE D''ISTRIA', '703', to_timestamp('1900-01-02 00:00:00', 'yyyy-mm-dd hh24:mi:ss'), to_timestamp('2000-01-01 00:00:00', 'yyyy-mm-dd hh24:mi:ss')),
  ('L793', 'VERTENEGLIO', '703', to_timestamp('1900-01-02 00:00:00', 'yyyy-mm-dd hh24:mi:ss'), to_timestamp('2000-01-01 00:00:00', 'yyyy-mm-dd hh24:mi:ss')),
  ('L932', 'VILLA DECANI', '703', to_timestamp('1900-01-02 00:00:00', 'yyyy-mm-dd hh24:mi:ss'), to_timestamp('2000-01-01 00:00:00', 'yyyy-mm-dd hh24:mi:ss')),
  ('M074', 'VISIGNANO', '703', to_timestamp('1900-01-02 00:00:00', 'yyyy-mm-dd hh24:mi:ss'), to_timestamp('2000-01-01 00:00:00', 'yyyy-mm-dd hh24:mi:ss')),
  ('M075', 'VISINADA', '703', to_timestamp('1900-01-02 00:00:00', 'yyyy-mm-dd hh24:mi:ss'), to_timestamp('2000-01-01 00:00:00', 'yyyy-mm-dd hh24:mi:ss'));

INSERT INTO silap_d_messaggio (id_silap_d_messaggio,id_silap_d_tipo_messaggio,ds_silap_d_messaggio,cod_silap_d_messaggio,ds_titolo,flg_attivo) 
VALUES
  (1,'S','Un''azienda con piu'' di 35 dipendenti ha la facolta'' di essere esonerata dall''obbligo di assumere una quota di disabili mediante una richiesta inoltrata alla Regione, in cui l’azienda ha la sede legale, previo versamento di un ''''contributo esonerativo''''.  Le imprese possono inserire una dichiarazione ai fini del versamento se hanno presentato il prospetto informativo e la richiesta di esonero per l''anno di riferimento della dichiarazione.','100001','Dichiarazioni di versamento degli esoneri parziali','S'),
  (2,'V','Inserire almeno 3 caratteri.','100002',NULL,'S'),
  (3,'V','La data inizio deve essere minore della data fine.','100003',NULL,'S'),
  (4,'V','La data non e'' valida','100004',NULL,'S'),
  (5,'V','Inserire almeno 2 caratteri.','100005',NULL,'S'),
  (6,'W','Non e'' stata trovata nessuna dichiarazione ai fini del versamento esonero per i campi di ricerca inseriti.','100006',NULL,'S'),
  (7,'I','L''operatore puo'' ricercare le dichiarazioni inserite da un''azienda. Una dichiarazione e'' in Bozza fino a quando non viene confermata dall''azienda ed inviata. L''azienda puo'' modificare e cancellare una dichiarazione in stato Bozza. Quando l''azienda conferma ed invia la dichiarazione, questa assume lo stato di ''Accettata'' se l''importo dovuto e'' pari a quello determinato dal sistema, ''Modificata'' negli altri casi. Le dichiarazioni in stato ''Accettata'' vengono autorizzate automaticamente alla scadenza.','100007','Inserimento e ricerca dichiarazione ai fini del versamento','S'),
  (8,'E','Non e'' possibile inserire la dichiarazione ai fini del versamento per l’azienda {0} ({1}) in quanto e'' presente una dichiarazione per l''anno {2} in stato bozza. Si consiglia di modificare la dichiarazione o eliminarla.','100008',NULL,'S'),
  (9,'E','Non e'' possibile inserire la dichiarazione ai fini del versamento per l''azienda {0} ({1}) in quanto e'' presente una dichiarazione per l''anno {2} in stato {3}.','100009',NULL,'S'),
  (10,'E','Non e'' possibile inserire una nuova dichiarazione ai fini del versamento per l''azienda {0} ({1}) riferita all''anno {2} in quanto e'' gia'' presente una dichiarazione ai fini del versamento autorizzata. Se si vuole inserirne una nuova si consiglia di contattare l''ufficio regionale competente.','100010',NULL,'S'),
  (11,'E','Non e'' possibile inserire la dichiarazione ai fini del versamento per l''azienda {0} ({1}) in quanto non e'' presente un esonero parziale richiesto per l''anno {2}. Si consiglia di contattare l''ufficio regionale competente.','100011',NULL,'S'),
  (12,'E','Non e'' possibile inserire la dichiarazione ai fini del versamento per l''azienda {0} e {1} in quanto sono presenti piu'' richieste di esonero incongruenti. Si consiglia di contattare l''ufficio regionale competente.','100012',NULL,'S'),
  (13,'E','Non e'' possibile inserire la dichiarazione ai fini del versamento per l’azienda {0} ({1}) in quanto non e'' stato presentato il prospetto disabili. Si consiglia di contattare l''ufficio regionale competente.','100013',NULL,'S'),
  (14,'E','Non e'' possibile inserire il periodo dal {0} al {1} nella dichiarazione ai fini del versamento per l''azienda {2} ({codice 3}) in quanto sono presenti dei periodi in sovrapposizione. Si consiglia di modificare le date o di eliminare il periodo in sovrapposizione.','100014',NULL,'S'),
  (15,'E','Non e'' possibile inserire il periodo dal {0} al {1} nella dichiarazione ai fini del versamento per l''azienda {2} ({3}) in quanto sono presenti diverse percentuali d''esonero. Si consiglia di modificare le date in modo tale che ci sia uno o piu'' periodi compresi tra la data richiesta e la data di concessione e tra la data concessione e la data scadenza per ogni esonero.','100015',NULL,'S'),
  (16,'E','Non e'' possibile inviare la dichiarazione per l'' anno {0} per l''azienda {1} ({2}) in quanto sono scaduti i termini 28/02/{3}.','100016',NULL,'S'),
  (17,'E','Non e'' possibile inviare la dichiarazione per l’anno {0} per l''azienda {1} ({2}) in quanto sono scaduti i termini 30/06/{3}.','100017',NULL,'S'),
  (18,'E','Non e'' possibile inviare la dichiarazione per l''{0} per l''azienda {1} ({2}) in quanto non sono presenti tutti i periodi nella dichiarazione tra il {3} e il {4}.','100018',NULL,'S'),
  (19,'E','Non sono stati inseriti i campi obbligatori.','100019',NULL,'S'),
  (20,'E','Non e'' presente sulla banca dati regionale piemontese l''azienda con codice fiscale {0}. Si consiglia di contattare l''ufficio regionale competente.','100020',NULL,'S'),
  (21,'E','Non e'' possibile modificare la dichiarazione dell''azienda {0} ({1}) dell''anno {2} in quanto sono variate le condizioni. Si suggerisce di eliminarlo e procedere con un nuovo inserimento.','100021',NULL,'S'),
  (22,'I','Si conferma l''eliminazione della dichiarazione ai fini del versamento dell''esonero parziale dell''anno annoRiferimento per l''azienda denominazioneAzienda (codiceFiscale)?','100022','Eliminare Dichiarazione','S'),
  (23,'I','Si conferma l''annullamento della dichiarazione ai fini del versamento dell''esonero parziale dell''anno annoRiferimento per l''azienda denominazioneAzienda (codiceFiscale)?','100023','Annullare Dichiarazione','S'),
  (24,'E','Non e'' stato possibile identificare univocamente sulla banca dati regionale piemontese l''azienda con codice fiscale {0}. Si consiglia di contattare l''ufficio regionale competente.','100024',NULL,'S'),
  (25,'E','Il codice fiscale  dell''azienda {0} non risulta corretto. Si consiglia di verificarne la correttezza.','100025',NULL,'S'),
  (26,'E','Non e'' possibile inserire la dichiarazione ai fini del versamento per l''''azienda {0} ({1}) in quanto la sede legale risulta cessata. Si consiglia di contattare l''''ufficio regionale competente.','100026','Inserimento e modifica dichiarazione di fini del versamento','S'),
  (27,'E','L''indirizzo mail di riferimento inserito non risulta formalmente corretto.','100027','Inserimento e modifica dichiarazione di fini del versamento','S'),
  (28,'E','Non e'' possibile inserire la dichiarazione ai fini del versamento per l''azienda {0} ({1}) in quanto non e'' presente un esonero parziale richiesto per l''anno {2}. Si consiglia di contattare l''ufficio regionale competente.','100028','Inserimento e modifica dichiarazione di fini del versamento','S'),
  (29,'I','Si conferma l''autorizzazione della dichiarazione ai fini del versamento dell''esonero parziale dell''anno annoRiferimento per l''azienda denominazioneAzienda (codiceFiscale) in data dataStato?','100029','Autorizzazione dichiarazione','S'),
  (30,'I','Si conferma la mancata autorizzazione della dichiarazione ai fini del versamento dell''esonero parziale dell''anno {0} per l''azienda {1} ({2}) in data {3}?','100030','Mancata autorizzazione dichiarazione','S'),
  (31,'W','Si conferma l''autorizzazione della dichiarazione ai fini del versamento dell''esonero parziale dell''anno annoRiferimento per l''azienda denominazioneAzienda (codiceFiscale)  in dataStato anche se non è congruente con l''anno di riferimento della dichiarazione?','100031','Autorizzazione dichiarazione','S'),
  (32,'E','Non e'' stato possibile aggiornare lo stato ({0}) della dichiarazione ai fini del versamento per l''azienda {1} ({2}). Si consiglia di contattare l''assistenza tecnica competente se il problema persiste.','100032',NULL,'S'),
  (34,'E','Non e'' stato possibile generare il documento PDF relativo alla dichiarazione ai fini del versamento dell''esonero parziale dell''anno {0} per l''azienda {1} ({2}). Si consiglia di contattare l''assistenza tecnica competente se il problema persiste.','100034','Autorizzazione / Mancata autorizzazione dichiarazione','S'),
  (35,'E','Non e'' stato possibile salvare il documento PDF relativo alla dichiarazione ai fini del versamento dell''esonero parziale dell''anno {0} per l''azienda {1} ({2}). Si consiglia di contattare l''assistenza tecnica competente se il problema persiste.','100035','Autorizzazione / Mancata autorizzazione dichiarazione','S'),
  (36,'W','Non e'' stato possibile inviare la mail all''indirizzo {0} relativa all''aggiornamento di stato ({1}) della dichiarazione ai fini del versamento dell''esonero parziale dell''anno {2} per l''azienda {3} ({4}). Si consiglia di contattare l''assistenza tecnica competente.','100036','Autorizzazione / Mancata autorizzazione dichiarazione','S'),
  (37,'E','Non e'' stato possibile recuperare le informazioni relative alla dichiarazione ai fini del versamento dell''esonero parziale dell''anno {0} per l''azienda {1} ({2}). Si consiglia di contattare l''assistenza tecnica competente se il problema persiste.','100037','Visualizzazione dichiarazione ai fini del versamento','S'),
  (39,'E','E'' possibile autorizzare o non autorizzare solo le dichiarazioni in stato "Modificato". ','100039','Autorizzazione / Mancata autorizzazione dichiarazione','S'),
  (40,'E','Solo gli operatori regionali possono autorizzare o non autorizzare le dichiarazioni ai fini del versamento dell''esonero. ','100040','Autorizzazione / Mancata autorizzazione dichiarazione','S'),
  (41,'E','Non e'' possibile eliminare la dichiarazione dell''azienda {0} ({1}) dell''anno {2} in quanto l''operatore {3} {4} non e'' abilitato alla funzionalita''.','100041','Eliminare dichiarazione','S'),
  (42,'E','Non e'' possibile eliminare la dichiarazione dell''azienda {0} ({1}) dell''anno {2} in quanto la dichiarazione non e'' in stato Bozza.','100042','Eliminare dichiarazione','S'),
  (43,'I','Si conferma l''annullamento della dichiarazione ai fini del versamento dell''esonero parziale dell''anno {0} per l''azienda {1} ({2})?','100043','Annullare dichiarazione','S'),
  (44,'I','La dichiarazione ai fini del versamento dell''esonero parziale dell''anno {0} per l''azienda {1} ({2}) e'' stata annullata correttamente.','100044','Annullare dichiarazione','S'),
  (45,'I',' La dichiarazione ai fini del versamento dell''esonero parziale dell''anno annoRiferimento per l''azienda denominazioneAzienda (codiceFiscale) e'' stata eliminata correttamente.','100045','Eliminare dichiarazione','S'),
  (46,'E','Non e'' possibile annullare la dichiarazione dell''azienda {0} ({1}) dell''anno {2} in quanto l''operatore {3} {4} non e'' abilitato alla funzionalita''.','100046','Annullare dichiarazione','S'),
  (47,'E','Non e'' possibile annullare la dichiarazione dell''azienda {0} ({1) dell''anno {2} in quanto la dichiarazione non e'' in stato "Modificata" o "Accettata".','100047','Annullare dichiarazione','S'),
  (48,'E','Non e'' possibile annullare la dichiarazione dell''azienda {0} ({1}) dell''anno {2} in quanto la dichiarazione non e'' in stato non e'' in stato "Modificata" o "Accettata" o "Autorizzata".','100048','Annullare dichiarazione','S'),
  (49,'E','Non e'' possibile stampare la dichiarazione dell''azienda {0} ({1}) dell''anno {2} in quanto la dichiarazione non e'' in stato e'' in stato "Eliminata" o "Annullata".','100049','Stampare dichiarazione','S'),
  (50,'W','Non e'' stato possibile salvare il documento PDF relativo alla dichiarazione ai fini del versamento dell''esonero parziale dell''anno {0} per l''azienda {1} ({2}). Si consiglia di contattare l''assistenza tecnica competente se il problema persiste.','100050','Stampare dichiarazione','S'),
  (51,'E','Non e'' stato possibile salvare in locale il documento PDF relativo alla dichiarazione ai fini del versamento dell''esonero parziale dell''anno {0} per l''azienda {1} ({2}). ','100051','Stampare dichiarazione','S'),
  (52,'E','Non e'' stato possibile generare il documento PDF relativo alla dichiarazione ai fini del versamento dell''esonero parziale dell''anno {anno di riferimento} per l''azienda {denominazione azienda} ({codice fiscale}). Si consiglia di contattare l''assistenza tecnica competente se il problema persiste.','100052','Stampare dichiarazione','S'),
  (53,'W','Non e'' possibile inserire lo stesso giorno festivo giornoFestivo nella dichiarazione ai fini del versamento per l''azienda denominazioneAzienda (codiceFiscale).','100053',NULL,'S'),
  (54,'E','Si e'' verificato un errore interno al sistema durante la ricerca della sede legale dell’azienda {0} ({1}). Si prega di riprovare più tardi.','100054','Inserimento e modifica dichiarazione ai fini del versamento','S'),
  (55,'E','Non e'' stato possibile estrarre i dati della sede legale dell''azienda {0} ({1}). Si consiglia di contattare l''assistenza tecnica competente se il problema persiste.','100055','Inserimento e modifica dichiarazione di fini del versamento','S'),
  (56,'E','Si e'' verificato un errore interno al sistema durante la ricerca dei dati anagrafici per l''azienda con codice fiscale {0}. Si prega di riprovare più tardi.','100056',NULL,'S'),
  (57,'E','Si e'' verificato un errore interno al sistema durante la ricerca dei prospetti disabili. Si prega di riprovare più tardi.','100057',NULL,'S'),
  (58,'E','Si e'' verificato un errore durante la ricerca dei prospetti disabili per l''azienda con codice fiscale {0} e per l''anno {1}. Si prega di riprovare più tardi.','100058',NULL,'S'),
  (59,'E','Si e'' verificato un errore interno al sistema durante la ricerca degli esoneri per l''azienda. Si prega di riprovare più tardi.','100059',NULL,'S'),
  (60,'E','Si e'' verificato un errore interno al sistema durante la ricerca degli esoneri per l''azienda con codice fiscale {0} e per l''anno {1}. Si prega di riprovare più tardi.','100060',NULL,'S'),
  (61,'E','Si e'' verificato un errore interno al sistema durante la ricerca delle convenzioni per l''azienda con codice fiscale {0} . Si prega di riprovare più tardi.','100061',NULL,'S'),
  (62,'W','Si e'' verificato un errore interno al sistema durante la ricerca delle convenzioni per l''azienda con codice fiscale {0} e per l''anno {1}. Si prega di riprovare più tardi.','100062',NULL,'S'),
  (63,'E','Si e'' verificato un errore di sistema nel tentativo di salvare i dati del passo 1.','100063',NULL,'S'),
  (64,'E','Si e'' verificato un errore di sistema nel tentativo di salvare i dati relativi ai giorni lavorativi.','100064',NULL,'S'),
  (65,'E','La data della festa patronale non rientra nell''anno di riferimento {0}.','100065',NULL,'S'),
  (66,'W','I giorni festivi non rientrano nell''anno di riferimento {0}.','100066',NULL,'S'),
  (67,'I','Si conferma l''eliminazione del periodo selezionato dataInizio - dataFine?','100067',NULL,'S'),
  (68,'E','La data inizio e La data fine devono comprendere l''anno di riferimento.','100068','Inserimento e modifica dichiarazione ai fini del versamento','S'),
  (69,'E','La percentuale della sospensione deve essere un numero compreso tra 1 e 100.','100069','Inserimento e modifica dichiarazione di fini del versamento','S'),
  (70,'E','Il numero dei lavoratori deve essere maggiore o uguale a 1.','100070','Inserimento e modifica dichiarazione di fini del versamento','S'),
  (71,'E','La data inizio e la data fine devono essere compresi all’interno di una richiesta d''esonero.','100071','Inserimento e modifica dichiarazione di fini del versamento','S'),
  (72,'E','La base computo deve essere un numero maggiore o uguale a zero.','100072','Inserimento e modifica dichiarazione ai fini del versamento','S'),
  (73,'E','Il numero disabili in forza deve essere un numero compreso tra 0 e la base computo.','100073','Inserimento e modifica dichiarazione di fini del versamento','S'),
  (74,'E','Non e'' stato possibile salvare i dati relativi al periodo.','100074','Inserimento e modifica dichiarazione di fini del versamento','S'),
  (75,'E','La data inizio deve essere minore o uguale alla data fine.','100075','Inserimento e modifica dichiarazione di fini del versamento','S'),
  (76,'E','Non e'' stato possibile recuperare il numero di protocollo.','100076','Inserimento e modifica dichiarazione di fini del versamento','S'),
  (77,'E','Il periodo di sospensione specificato e'' incongruente con quelli precedentemente inseriti','100077','Inserimento e modifica dichiarazione di fini del versamento','S'),
  (78,'E','La percentuale per il licenziamento collettivo deve essere 100%','100078','Inserimento e modifica dichiarazione di fini del versamento','S'),
  (79,'E','La percentuale di sospensione ed il numero di lavoratori sospesi sono entrambi valorizzati.','100079','Inserimento e modifica dichiarazione di fini del versamento','S'),
  (80,'E','Non esistono comunicazioni obbligatorie per l''azienda indicata con codice fiscale {0}.','100080','Inserimento e modifica dichiarazione di fini del versamento','S'),
  (81,'E','Si e'' verificato un errore interno al sistema durante la ricerca delle comunicazioni obbligtorie per l''azienda con codice fiscale {0}. Si prega di riprovare più tardi.','100081','Inserimento e modifica dichiarazione di fini del versamento','S'),
  (82,'E','Si e'' verificato un errore durante la ricerca delle comunicazioni obbligatorie per l''azienda con codice fiscale {0}. Si consiglia di contattare l''assistenza tecnica competente se il problema persiste.','100082','Inserimento e modifica dichiarazione di fini del versamento','S'),
  (83,'S','La dichiarazione dell''azienda {0} ({1}) dell''anno {2} e'' stata inviata con successo. Alla dichiarazione e'' stato assegnato il numero di protocollo {3}/{4}. La dichiarazione e'' in stato {5}.','100083','Inserimento e modifica dichiarazione di fini del versamento','S'),
  (84,'E','L''operatore non risulta abilitato all''inserimento della dichiarazione.','100084','Inserimento dichiarazione di fini del versamento','S'),
  (85,'E','L''operatore non risulta abilitato alla modifica della dichiarazione.','100085','Modifica dichiarazione di fini del versamento','S'),
  (86,'E','Non è possibile inserire la sospensione di licenziamento collettivo per la provincia {0} della l’azienda {1} ({2}) in quanto è presente una sospensione analoga per la provincia {3} dal {4} al {5}. ''''La sospensione per licenziamento collettiva'''' e'' valida per tutte le province.','100086','Inserimento sospensione','S'),
  (87,'W','Non e'' stato possibile calcolare e precompilare la dichiarazione ai fini del versamento dell''esonero parziale dell''anno {0} per l''azienda {1} ({2}) per la provincia di {3}. Si consiglia di contattare l''assistenza tecnica competente se il problema persiste.','100087','Inserimento e modifica dichiarazione di fini del versamento','S'),
  (88,'E','Non è stato possibile determinare il numero di posizioni aperte della convenzione con data stipula {0} per la dichiarazione ai fini del versamento dell''esonero parziale dell''anno {1} per l''azienda {2} ({3}) per la provincia di {4}. Si consiglia di contattare l''assistenza tecnica competente se il problema persiste','100088',NULL,'S'),
  (89,'I','Si conferma l''inserimento della sospensione per licenziamento collettivo con data stipula dataInizio per la dichiarazione ai fini del versamento dell''esonero parziale dell''anno annoRiferimento per l''azienda denominazioneAzienda (codiceFiscale) per la provincia di provinciaDescrizione? Si segnala che le dichiarazioni effettuate sulle altre province dovranno essere verificate nuovamente, in quanto la sospensione per licenziamento collettivo azzera il numero di esonerati.','100089','Inserimento sospensione','S'),
  (90,'E','L''operatore regionale non puo'' inviare la dichiarazione ai fini del versamento dell''esonero parziale dell''anno {0} per l''azienda {2} ({3}).','100090','Inserimento e modifica dichiarazione di fini del versamento','S'),
  (91,'W','Non è stato possibile salvare il numero di protocollo per la dichiarazione ai fini del versamento dell''esonero parziale dell''anno {0} per l''azienda {1} ({2}). Si consiglia di contattare l''assistenza tecnica competente se il problema persiste','100091','Invio dichiarazione di fini del versamento','S'),
  (92,'E','Non e'' piu'' possibile modificare la dichiarazione dell''azienda {0} ({1}) riferita dell''anno {2}. Si suggerisce di eliminarla e procedere con un nuovo inserimento.','100092','Modifica dichiarazione','S'),
  (93,'W','Alcuni dati precedentemente inseriti risultano variati. Si conferma di voler procedere con la modifica?','100093','Modifica dichiarazione','S'),
  (94,'E','Non e'' possibile inserire la dichiarazione ai fini del versamento per l''azienda {0} ({1}) in quanto la sede legale risulta ubicata all''estero. Si consiglia di contattare l''''ufficio regionale competente.','100094','Inserimento dichiarazione di fini del versamento','S'),
  (95,'E','Non e'' stato possibile estrarre i dati dell''azienda {0} ({1}). Si consiglia di contattare l''assistenza tecnica competente se il problema persiste.','100095','Inserimento e modifica dichiarazione di fini del versamento','S'),
  (96,'I','Si conferma l''eliminazione della sospensione della dichiarazione ai fini del versamento dell''esonero parziale dell''anno annoRiferimento per l''azienda denominazioneAzienda (codiceFiscale)?','100096','Eliminare sospesione nella dichiarazione ai fini del versamenti','S'),
  (97,'I','La sospensione della dichiarazione ai fini del versamento dell''esonero parziale dell''anno annoRiferimento per l''azienda denominazioneAzienda (codiceFiscale) e'' stata eliminata correttamente.','100097','Eliminare sospesione','S'),
  (98,'E','Non e'' stato possibile visualizzare la dichiarazione ai fini del versamento dell''esonero parziale selezionata. Si consiglia di contattare l''assistenza tecnica competente se il problema persiste.','100098','Visualizzare dichiarazione','S'),
  (99,'I','La quota di riserva comprende num unita'' derivanti da riallineamento nazionale per l''anno di riferimento annoRiferimento','100099','Inserimento e modifica dichiarazione di fini del versamento','S'),
  (100,'E','Non sono presenti tutti i periodi nella dichiarazione per la/e provincia/e di {0}.','100100',NULL,'S'),
  (101,'W','Si conferma il ripristino dei dati iniziali per la provincia di nomeProvincia?','100101','Inserimento e modifica dichiarazione di fini del versamento','S'),
  (102,'W','Si conferma di voler eseguire la procedura automatica di autorizzazione di tutte le dichiarazioni ai fini del versamento dell''esonero parziale in stato Accettata?','100102','Autorizzazione dichiarazione','S'),
  (103,'E','Sono presenti periodi sovrapposti nella dichiarazione per la provincia di {0}.','100103',NULL,'S'),
  (104,'E','Attenzione presenti periodi sovrapposti nella dichiarazione per la provincia. Occorre rimuovere tale inconguenza prima di procedere.','100104',NULL,'S'),
  (105,'V','Non e'' possibile inserire la data festa patronale uguale alla data di un giorno festivo.','100105',NULL,'S'),
  (106,'I','L''operatore puo'' ricercare le dichiarazioni inserite da un''azienda. Una dichiarazione e'' in Bozza fino a quando non viene confermata dall''azienda ed inviata. L''azienda puo'' modificare e cancellare una dichiarazione in stato Bozza. Quando l''azienda conferma ed invia la dichiarazione, questa assume lo stato di ''Accettata'' se l''importo dovuto e'' pari a quello determinato dal sistema, ''Modificata'' negli altri casi. Le dichiarazioni in stato ''Accettata'' vengono autorizzate automaticamente alla scadenza.','100106','Modifica e ricerca dichiarazione ai fini del versamento','S'),
  (107,'E','Periodo non coerente con la convenzione','100107','Inserimento e modifica dichiarazione di fini del versamento','S'),
  (108,'E','Periodo non coerente con la sospensione','100108','Inserimento e modifica dichiarazione di fini del versamento','S'),
  (109,'I','Mettere quello che si vuole al messaggio di cod: 100109','100109','Info asterisco periodo inserito da operatore','S'),
  (110,'E','Attenzione! Almeno una sospensione deve essere inclusa nell''anno di riferimento della dichiarazione di','100110','Inserimento sospensione inclusa nell''anno di riferimento','S'),
  (111,'I','Si conferma l''eliminazione della sospensione per licenziamento collettivo con data stipula dataInizio per la dichiarazione ai fini del versamento dell''esonero parziale dell''anno annoRiferimento per l''azienda denominazioneAzienda (codiceFiscale)? Si segnala che le dichiarazioni effettuate sulle altre province dovranno essere verificate nuovamente, in quanto la cancellazione della sospensione per licenziamento collettivo comporta il ricalcolo dei periodi.','100111','Eliminare sospesione nella dichiarazione ai fini del versamenti','S');


